timestamp_iso,t_s,round,node,label,present_mask_hex,version,node_seq,distance_m,ax_g,ay_g,az_g,gx_dps,gy_dps,gz_dps,hx_g,hy_g,hz_g,imu_temp_c,emg_rms_ch0,emg_rms_ch1,emg_rms_ch2,emg_rms_ch3
2025-06-01T15:00:00.000,0.000,0,WG,R_Knee,0x21,2,0,0.840,-0.039,-0.963,+0.065,+0.6,+1.6,+1.2,+0.002,-0.943,+0.083,29.04,0.020,0.035,0.040,0.030
2025-06-01T15:00:00.255,0.255,1,WG,R_Knee,0x21,2,1,0.844,-0.058,-0.988,+0.058,+0.1,-1.5,+1.0,-0.059,-0.970,+0.023,28.99,0.008,0.009,0.026,0.023
2025-06-01T15:00:00.510,0.510,2,WG,R_Knee,0x21,2,2,0.839,-0.044,-0.981,+0.083,+1.8,-0.4,+3.9,-0.028,-0.964,+0.071,29.12,0.013,0.020,0.036,0.020
2025-06-01T15:00:00.765,0.765,3,WG,R_Knee,0x21,2,3,0.861,-0.043,-0.992,+0.067,+1.4,+0.6,-3.8,-0.018,-1.000,+0.035,28.95,0.017,0.025,0.025,0.022
2025-06-01T15:00:01.020,1.020,4,WG,R_Knee,0x21,2,4,0.895,-0.046,-0.958,+0.084,-1.6,+1.3,+2.0,-0.058,-0.968,+0.103,28.93,0.016,0.021,0.028,0.028
2025-06-01T15:00:01.275,1.275,5,WG,R_Knee,0x21,2,5,0.853,-0.059,-0.974,+0.061,+2.8,+0.4,-3.6,-0.060,-0.959,+0.093,29.01,0.030,0.038,0.030,0.023
2025-06-01T15:00:01.530,1.530,6,WG,R_Knee,0x21,2,6,0.844,-0.057,-0.988,+0.065,+1.8,+1.0,+0.7,-0.032,-0.948,+0.053,29.07,0.020,0.033,0.024,0.021
2025-06-01T15:00:01.785,1.785,7,WG,R_Knee,0x21,2,7,0.882,-0.038,-0.990,+0.073,+1.4,+1.0,+0.5,-0.037,-0.968,+0.084,29.00,0.017,0.022,0.028,0.030
2025-06-01T15:00:02.040,2.040,8,WG,R_Knee,0x21,2,8,0.865,-0.053,-0.977,+0.071,-1.9,-2.6,+1.1,-0.043,-0.974,+0.047,29.05,0.011,0.014,0.023,0.027
2025-06-01T15:00:02.295,2.295,9,WG,R_Knee,0x21,2,9,0.844,-0.034,-0.985,+0.091,+0.1,-1.2,+1.9,-0.005,-1.007,+0.053,28.97,0.011,0.017,0.032,0.030
2025-06-01T15:00:02.550,2.550,10,WG,R_Knee,0x21,2,10,0.840,-0.054,-0.985,+0.080,-0.6,-2.2,-1.6,-0.072,-0.969,+0.117,28.94,0.016,0.015,0.031,0.023
2025-06-01T15:00:02.805,2.805,11,WG,R_Knee,0x21,2,11,0.849,-0.061,-0.978,+0.088,+2.2,+0.6,-2.9,-0.083,-0.993,+0.082,29.07,0.025,0.032,0.032,0.022
2025-06-01T15:00:03.060,3.060,12,WG,R_Knee,0x21,2,12,0.833,-0.065,-0.981,+0.096,-1.0,+0.2,-1.2,-0.025,-0.956,+0.136,29.08,0.018,0.026,0.025,0.023
2025-06-01T15:00:03.315,3.315,13,WG,R_Knee,0x21,2,13,0.828,-0.046,-0.985,+0.088,-0.1,+1.2,-1.6,-0.037,-1.006,+0.124,29.08,0.008,0.009,0.022,0.020
2025-06-01T15:00:03.570,3.570,14,WG,R_Knee,0x21,2,14,0.866,-0.043,-0.977,+0.086,-0.4,+1.0,+0.8,-0.021,-0.958,+0.072,28.98,0.016,0.019,0.026,0.024
2025-06-01T15:00:03.825,3.825,15,WG,R_Knee,0x21,2,15,0.845,-0.051,-0.969,+0.073,+2.5,-2.4,+0.3,-0.027,-0.949,+0.081,28.94,0.014,0.017,0.021,0.029
2025-06-01T15:00:04.080,4.080,16,WG,R_Knee,0x21,2,16,0.865,-0.040,-0.982,+0.087,-0.6,+1.2,+1.9,-0.023,-0.972,+0.073,28.94,0.018,0.027,0.043,0.033
2025-06-01T15:00:04.335,4.335,17,WG,R_Knee,0x21,2,17,0.811,-0.066,-1.000,+0.080,-1.8,+0.3,+1.1,-0.052,-0.951,+0.098,28.99,0.013,0.021,0.023,0.030
2025-06-01T15:00:04.590,4.590,18,WG,R_Knee,0x21,2,18,0.851,-0.069,-0.978,+0.076,+0.6,-1.4,+0.7,-0.089,-1.018,+0.082,29.03,0.000,0.017,0.030,0.021
2025-06-01T15:00:04.845,4.845,19,WG,R_Knee,0x21,2,19,0.878,-0.052,-1.003,+0.070,+1.5,+0.4,+0.9,-0.046,-0.979,+0.071,29.03,0.025,0.022,0.030,0.023
2025-06-01T15:00:05.100,5.100,20,WG,R_Knee,0x21,2,20,0.865,-0.049,-0.820,+0.162,+6.8,+0.8,+24.2,-0.082,-0.815,+0.169,28.93,0.056,0.063,0.034,0.021
2025-06-01T15:00:05.355,5.355,21,WG,R_Knee,0x21,2,21,0.845,-0.007,-0.859,+0.181,+25.8,+13.4,+76.5,-0.023,-0.864,+0.184,29.02,0.077,0.083,0.028,0.026
2025-06-01T15:00:05.610,5.610,22,WG,R_Knee,0x21,2,22,0.805,+0.051,-0.939,+0.301,+33.9,+15.3,+108.2,+0.099,-0.932,+0.338,29.01,0.161,0.153,0.023,0.028
2025-06-01T15:00:05.865,5.865,23,WG,R_Knee,0x21,2,23,0.736,+0.155,-1.027,+0.402,+35.1,+16.0,+114.2,+0.139,-1.033,+0.391,29.02,0.201,0.195,0.025,0.039
2025-06-01T15:00:06.120,6.120,24,WG,R_Knee,0x21,2,24,0.723,+0.236,-1.124,+0.487,+24.8,+10.8,+84.0,+0.259,-1.125,+0.472,29.02,0.211,0.186,0.024,0.021
2025-06-01T15:00:06.375,6.375,25,WG,R_Knee,0x21,2,25,0.669,+0.286,-1.158,+0.534,+7.1,+5.3,+28.3,+0.294,-1.179,+0.546,29.02,0.214,0.197,0.024,0.026
2025-06-01T15:00:06.630,6.630,26,WG,R_Knee,0x21,2,26,0.687,+0.267,-1.136,+0.548,-13.6,-3.6,-30.8,+0.265,-1.153,+0.525,29.06,0.345,0.307,0.022,0.034
2025-06-01T15:00:06.885,6.885,27,WG,R_Knee,0x21,2,27,0.684,+0.235,-1.123,+0.467,-27.5,-10.3,-81.2,+0.246,-1.085,+0.473,29.04,0.547,0.493,0.024,0.031
2025-06-01T15:00:07.140,7.140,28,WG,R_Knee,0x21,2,28,0.713,+0.162,-1.042,+0.402,-36.7,-18.2,-111.5,+0.190,-1.007,+0.407,29.05,0.633,0.565,0.022,0.022
2025-06-01T15:00:07.395,7.395,29,WG,R_Knee,0x21,2,29,0.788,+0.084,-0.902,+0.303,-38.2,-17.2,-111.1,+0.065,-0.906,+0.313,29.01,0.480,0.424,0.024,0.034
2025-06-01T15:00:07.650,7.650,30,WG,R_Knee,0x21,2,30,0.826,-0.003,-0.850,+0.214,-19.3,-8.9,-75.3,+0.013,-0.842,+0.243,29.07,0.249,0.224,0.024,0.032
2025-06-01T15:00:07.905,7.905,31,WG,R_Knee,0x21,2,31,0.852,-0.040,-0.824,+0.149,-4.8,-1.6,-19.8,-0.040,-0.855,+0.140,29.05,0.106,0.099,0.030,0.028
2025-06-01T15:00:08.160,8.160,32,WG,R_Knee,0x21,2,32,0.841,-0.048,-0.817,+0.170,+9.1,+5.3,+36.3,-0.053,-0.789,+0.158,28.95,0.059,0.066,0.029,0.023
2025-06-01T15:00:08.415,8.415,33,WG,R_Knee,0x21,2,33,0.814,+0.017,-0.879,+0.216,+25.7,+14.2,+87.9,+0.021,-0.898,+0.214,29.09,0.088,0.096,0.023,0.025
2025-06-01T15:00:08.670,8.670,34,WG,R_Knee,0x21,2,34,0.743,+0.069,-0.942,+0.325,+38.4,+16.8,+110.9,+0.097,-0.941,+0.350,29.06,0.184,0.164,0.028,0.021
2025-06-01T15:00:08.925,8.925,35,WG,R_Knee,0x21,2,35,0.744,+0.156,-1.052,+0.416,+34.3,+17.2,+105.2,+0.170,-1.018,+0.420,29.12,0.183,0.172,0.032,0.024
2025-06-01T15:00:09.180,9.180,36,WG,R_Knee,0x21,2,36,0.716,+0.240,-1.135,+0.524,+21.6,+13.1,+71.9,+0.269,-1.144,+0.520,29.07,0.210,0.199,0.023,0.022
2025-06-01T15:00:09.435,9.435,37,WG,R_Knee,0x21,2,37,0.667,+0.273,-1.172,+0.546,+3.2,+2.5,+16.8,+0.281,-1.155,+0.533,29.08,0.233,0.212,0.022,0.024
2025-06-01T15:00:09.690,9.690,38,WG,R_Knee,0x21,2,38,0.649,+0.256,-1.142,+0.549,-8.4,-5.6,-46.8,+0.280,-1.156,+0.555,29.10,0.383,0.344,0.024,0.025
2025-06-01T15:00:09.945,9.945,39,WG,R_Knee,0x21,2,39,0.699,+0.204,-1.074,+0.468,-27.1,-15.4,-92.1,+0.224,-1.065,+0.473,29.09,0.585,0.519,0.031,0.033
2025-06-01T15:00:10.200,10.200,40,WG,R_Knee,0x21,2,40,0.766,+0.134,-0.982,+0.377,-31.9,-16.0,-111.2,+0.123,-0.981,+0.386,29.08,0.598,0.543,0.024,0.031
2025-06-01T15:00:10.455,10.455,41,WG,R_Knee,0x21,2,41,0.797,+0.029,-0.902,+0.267,-33.1,-15.4,-104.4,+0.021,-0.881,+0.282,29.01,0.438,0.386,0.031,0.025
2025-06-01T15:00:10.710,10.710,42,WG,R_Knee,0x21,2,42,0.800,-0.018,-0.827,+0.193,-24.3,-9.5,-68.7,-0.022,-0.811,+0.161,29.20,0.211,0.197,0.020,0.020
2025-06-01T15:00:10.965,10.965,43,WG,R_Knee,0x21,2,43,0.851,-0.062,-0.808,+0.171,-0.9,-0.6,-7.6,-0.059,-0.804,+0.184,29.03,0.062,0.058,0.027,0.025
2025-06-01T15:00:11.220,11.220,44,WG,R_Knee,0x21,2,44,0.828,-0.018,-0.822,+0.170,+16.4,+6.9,+51.7,+0.016,-0.822,+0.203,29.10,0.060,0.063,0.020,0.037
2025-06-01T15:00:11.475,11.475,45,WG,R_Knee,0x21,2,45,0.811,+0.018,-0.862,+0.257,+30.8,+16.0,+95.9,+0.022,-0.848,+0.266,29.15,0.097,0.089,0.021,0.034
2025-06-01T15:00:11.730,11.730,46,WG,R_Knee,0x21,2,46,0.762,+0.112,-0.966,+0.358,+30.5,+17.4,+116.0,+0.120,-0.951,+0.344,29.15,0.195,0.178,0.024,0.023
2025-06-01T15:00:11.985,11.985,47,WG,R_Knee,0x21,2,47,0.710,+0.187,-1.055,+0.458,+31.7,+15.5,+103.0,+0.214,-1.095,+0.480,29.16,0.213,0.198,0.023,0.028
2025-06-01T15:00:12.240,12.240,48,WG,R_Knee,0x21,2,48,0.694,+0.229,-1.142,+0.537,+19.0,+7.4,+60.7,+0.214,-1.125,+0.497,29.17,0.181,0.165,0.032,0.023
2025-06-01T15:00:12.495,12.495,49,WG,R_Knee,0x21,2,49,0.665,+0.285,-1.136,+0.565,-1.0,+1.9,+2.2,+0.296,-1.167,+0.581,29.20,0.257,0.233,0.021,0.022
2025-06-01T15:00:12.750,12.750,50,WG,R_Knee,0x21,2,50,0.662,+0.254,-1.144,+0.519,-17.7,-9.1,-53.8,+0.238,-1.130,+0.544,29.16,0.441,0.394,0.027,0.026
2025-06-01T15:00:13.005,13.005,51,WG,R_Knee,0x21,2,51,0.709,+0.193,-1.043,+0.453,-30.2,-14.6,-99.6,+0.202,-1.045,+0.443,29.30,0.602,0.537,0.021,0.032
2025-06-01T15:00:13.260,13.260,52,WG,R_Knee,0x21,2,52,0.784,+0.105,-0.965,+0.343,-36.6,-17.4,-115.6,+0.096,-0.972,+0.337,29.10,0.598,0.531,0.022,0.030
2025-06-01T15:00:13.515,13.515,53,WG,R_Knee,0x21,2,53,0.803,+0.025,-0.885,+0.249,-28.7,-17.4,-94.8,-0.016,-0.874,+0.262,29.17,0.368,0.327,0.023,0.022
2025-06-01T15:00:13.770,13.770,54,WG,R_Knee,0x21,2,54,0.830,-0.039,-0.816,+0.164,-12.9,-5.7,-50.5,-0.050,-0.826,+0.141,29.15,0.145,0.142,0.021,0.023
2025-06-01T15:00:14.025,14.025,55,WG,R_Knee,0x21,2,55,0.805,-0.020,-0.792,+0.121,+1.7,+4.0,+6.9,-0.020,-0.796,+0.136,29.14,0.032,0.029,0.028,0.023
2025-06-01T15:00:14.280,14.280,56,WG,R_Knee,0x21,2,56,0.822,-0.019,-0.820,+0.213,+22.5,+9.6,+65.8,-0.006,-0.818,+0.194,29.19,0.071,0.066,0.032,0.021
2025-06-01T15:00:14.535,14.535,57,WG,R_Knee,0x21,2,57,0.790,+0.070,-0.891,+0.285,+30.7,+15.0,+103.2,+0.034,-0.916,+0.310,29.25,0.122,0.131,0.029,0.021
2025-06-01T15:00:14.790,14.790,58,WG,R_Knee,0x21,2,58,0.760,+0.113,-0.994,+0.344,+37.2,+19.7,+112.5,+0.078,-0.987,+0.294,29.15,0.201,0.188,0.025,0.024
2025-06-01T15:00:15.045,15.045,59,WG,R_Knee,0x21,2,59,0.688,+0.201,-1.080,+0.454,+28.6,+14.4,+90.9,+0.211,-1.055,+0.452,29.15,0.224,0.198,0.024,0.041
2025-06-01T15:00:15.300,15.300,60,WG,R_Knee,0x21,2,60,0.684,+0.280,-1.142,+0.551,+15.5,+6.8,+50.2,+0.287,-1.143,+0.554,29.23,0.200,0.192,0.022,0.024
2025-06-01T15:00:15.555,15.555,61,WG,R_Knee,0x21,2,61,0.687,+0.278,-1.176,+0.535,-5.6,+1.2,-14.3,+0.253,-1.173,+0.552,29.23,0.288,0.263,0.023,0.025
2025-06-01T15:00:15.810,15.810,62,WG,R_Knee,0x21,2,62,0.673,+0.255,-1.134,+0.514,-19.1,-9.9,-68.3,+0.272,-1.123,+0.531,29.30,0.489,0.457,0.025,0.029
2025-06-01T15:00:16.065,16.065,63,WG,R_Knee,0x21,2,63,0.725,+0.196,-1.046,+0.448,-29.5,-19.0,-105.6,+0.233,-1.033,+0.454,29.26,0.652,0.574,0.035,0.024
2025-06-01T15:00:16.320,16.320,64,WG,R_Knee,0x21,2,64,0.798,+0.097,-0.952,+0.329,-35.7,-17.6,-114.2,+0.111,-0.957,+0.309,29.22,0.552,0.501,0.022,0.023
2025-06-01T15:00:16.575,16.575,65,WG,R_Knee,0x21,2,65,0.822,+0.019,-0.856,+0.233,-23.4,-15.2,-88.7,+0.018,-0.849,+0.248,29.20,0.320,0.295,0.023,0.023
2025-06-01T15:00:16.830,16.830,66,WG,R_Knee,0x21,2,66,0.832,-0.051,-0.809,+0.152,-15.1,-8.9,-38.3,-0.029,-0.771,+0.137,29.23,0.128,0.119,0.030,0.026
2025-06-01T15:00:17.085,17.085,67,WG,R_Knee,0x21,2,67,0.844,-0.038,-0.808,+0.162,+5.2,+1.9,+21.7,-0.070,-0.816,+0.171,29.22,0.034,0.033,0.022,0.031
2025-06-01T15:00:17.340,17.340,68,WG,R_Knee,0x21,2,68,0.863,-0.022,-0.838,+0.217,+23.2,+14.6,+74.9,-0.019,-0.843,+0.191,29.16,0.072,0.066,0.024,0.020
2025-06-01T15:00:17.595,17.595,69,WG,R_Knee,0x21,2,69,0.782,+0.058,-0.916,+0.296,+31.3,+14.2,+110.6,+0.080,-0.933,+0.291,29.24,0.140,0.138,0.023,0.032
2025-06-01T15:00:17.850,17.850,70,WG,R_Knee,0x21,2,70,0.707,+0.149,-1.027,+0.397,+37.2,+16.1,+115.1,+0.169,-1.021,+0.414,29.23,0.211,0.198,0.023,0.026
2025-06-01T15:00:18.105,18.105,71,WG,R_Knee,0x21,2,71,0.693,+0.219,-1.108,+0.483,+27.6,+14.1,+86.9,+0.226,-1.083,+0.514,29.23,0.208,0.188,0.022,0.021
2025-06-01T15:00:18.360,18.360,72,WG,R_Knee,0x21,2,72,0.666,+0.280,-1.148,+0.560,+11.3,+6.7,+33.0,+0.269,-1.105,+0.559,29.23,0.214,0.189,0.027,0.029
2025-06-01T15:00:18.615,18.615,73,WG,R_Knee,0x21,2,73,0.663,+0.262,-1.147,+0.548,-9.2,-3.9,-25.9,+0.280,-1.160,+0.533,29.34,0.335,0.304,0.027,0.021
2025-06-01T15:00:18.870,18.870,74,WG,R_Knee,0x21,2,74,0.701,+0.230,-1.114,+0.489,-20.6,-9.6,-80.9,+0.224,-1.128,+0.488,29.29,0.548,0.483,0.031,0.025
2025-06-01T15:00:19.125,19.125,75,WG,R_Knee,0x21,2,75,0.758,+0.171,-1.034,+0.415,-31.0,-16.3,-111.1,+0.177,-1.047,+0.424,29.31,0.648,0.587,0.025,0.031
2025-06-01T15:00:19.380,19.380,76,WG,R_Knee,0x21,2,76,0.809,+0.076,-0.934,+0.307,-33.7,-16.8,-107.9,+0.042,-0.933,+0.348,29.24,0.493,0.436,0.021,0.033
2025-06-01T15:00:19.635,19.635,77,WG,R_Knee,0x21,2,77,0.851,-0.010,-0.854,+0.211,-27.6,-10.6,-79.3,-0.009,-0.836,+0.209,29.22,0.249,0.228,0.023,0.028
2025-06-01T15:00:19.890,19.890,78,WG,R_Knee,0x21,2,78,0.855,-0.060,-0.809,+0.161,-6.4,-2.8,-25.9,-0.058,-0.826,+0.130,29.27,0.097,0.088,0.026,0.029
2025-06-01T15:00:20.145,20.145,79,WG,R_Knee,0x21,2,79,0.838,-0.082,-0.803,+0.161,+9.5,+5.7,+33.4,-0.085,-0.798,+0.150,29.30,0.035,0.047,0.027,0.023
2025-06-01T15:00:20.400,20.400,80,WG,R_Knee,0x21,2,80,0.811,+0.011,-0.855,+0.203,+26.5,+13.1,+85.5,-0.004,-0.854,+0.190,29.27,0.088,0.078,0.030,0.031
2025-06-01T15:00:20.655,20.655,81,WG,R_Knee,0x21,2,81,0.760,+0.084,-0.951,+0.345,+33.3,+15.5,+114.2,+0.103,-0.964,+0.320,29.28,0.169,0.150,0.025,0.023
2025-06-01T15:00:20.910,20.910,82,WG,R_Knee,0x21,2,82,0.746,+0.183,-1.029,+0.403,+32.9,+18.5,+110.6,+0.210,-1.027,+0.438,29.35,0.206,0.183,0.025,0.028
2025-06-01T15:00:21.165,21.165,83,WG,R_Knee,0x21,2,83,0.682,+0.246,-1.127,+0.503,+21.8,+12.4,+76.6,+0.260,-1.115,+0.505,29.32,0.194,0.182,0.022,0.022
2025-06-01T15:00:21.420,21.420,84,WG,R_Knee,0x21,2,84,0.682,+0.287,-1.146,+0.556,+3.1,+3.6,+20.0,+0.279,-1.134,+0.583,29.26,0.218,0.197,0.031,0.027
2025-06-01T15:00:21.675,21.675,85,WG,R_Knee,0x21,2,85,0.682,+0.279,-1.158,+0.529,-17.0,-5.3,-40.6,+0.247,-1.157,+0.558,29.29,0.375,0.335,0.042,0.024
2025-06-01T15:00:21.930,21.930,86,WG,R_Knee,0x21,2,86,0.722,+0.219,-1.080,+0.510,-25.7,-14.1,-90.1,+0.228,-1.075,+0.502,29.28,0.590,0.536,0.024,0.037
2025-06-01T15:00:22.185,22.185,87,WG,R_Knee,0x21,2,87,0.746,+0.129,-1.008,+0.384,-29.8,-16.3,-116.7,+0.126,-1.040,+0.390,29.33,0.632,0.572,0.026,0.026
2025-06-01T15:00:22.440,22.440,88,WG,R_Knee,0x21,2,88,0.803,+0.066,-0.928,+0.254,-35.6,-15.7,-105.1,+0.047,-0.956,+0.265,29.27,0.456,0.410,0.026,0.029
2025-06-01T15:00:22.695,22.695,89,WG,R_Knee,0x21,2,89,0.850,-0.022,-0.831,+0.197,-24.2,-9.3,-68.4,-0.016,-0.825,+0.200,29.32,0.217,0.199,0.024,0.021
2025-06-01T15:00:22.950,22.950,90,WG,R_Knee,0x21,2,90,0.887,-0.050,-0.795,+0.170,-0.3,-1.8,-12.7,-0.076,-0.793,+0.161,29.37,0.093,0.093,0.022,0.032
2025-06-01T15:00:23.205,23.205,91,WG,R_Knee,0x21,2,91,0.848,-0.057,-0.827,+0.173,+16.5,+10.1,+50.7,-0.017,-0.814,+0.180,29.34,0.044,0.041,0.023,0.029
2025-06-01T15:00:23.460,23.460,92,WG,R_Knee,0x21,2,92,0.821,+0.013,-0.898,+0.254,+25.5,+16.9,+92.6,-0.052,-0.882,+0.259,29.30,0.116,0.105,0.027,0.022
2025-06-01T15:00:23.715,23.715,93,WG,R_Knee,0x21,2,93,0.769,+0.112,-0.954,+0.345,+36.1,+17.3,+111.2,+0.122,-0.969,+0.357,29.32,0.197,0.187,0.033,0.024
2025-06-01T15:00:23.970,23.970,94,WG,R_Knee,0x21,2,94,0.701,+0.179,-1.056,+0.453,+26.4,+17.0,+104.0,+0.210,-1.042,+0.423,29.36,0.230,0.204,0.028,0.020
2025-06-01T15:00:24.225,24.225,95,WG,R_Knee,0x21,2,95,0.698,+0.252,-1.114,+0.532,+18.7,+8.5,+63.1,+0.265,-1.141,+0.545,29.38,0.191,0.183,0.025,0.024
2025-06-01T15:00:24.480,24.480,96,WG,R_Knee,0x21,2,96,0.687,+0.266,-1.166,+0.566,+6.1,+2.4,+4.1,+0.265,-1.176,+0.590,29.41,0.248,0.230,0.023,0.033
2025-06-01T15:00:24.735,24.735,97,WG,R_Knee,0x21,2,97,0.667,+0.261,-1.154,+0.556,-13.9,-8.2,-53.6,+0.289,-1.159,+0.549,29.36,0.439,0.391,0.039,0.031
2025-06-01T15:00:24.990,24.990,98,WG,R_Knee,0x21,2,98,0.730,+0.209,-1.073,+0.462,-32.9,-16.6,-99.4,+0.186,-1.060,+0.467,29.31,0.624,0.557,0.026,0.026
2025-06-01T15:00:25.245,25.245,99,WG,R_Knee,0x21,2,99,0.738,+0.107,-0.976,+0.349,-34.9,-14.9,-115.6,+0.082,-1.009,+0.393,29.45,0.605,0.551,0.029,0.024
2025-06-01T15:00:25.500,25.500,100,WG,R_Knee,0x21,2,100,0.808,+0.023,-0.895,+0.251,-32.3,-15.4,-100.1,+0.017,-0.877,+0.275,29.40,0.386,0.343,0.025,0.027
2025-06-01T15:00:25.755,25.755,101,WG,R_Knee,0x21,2,101,0.829,-0.035,-0.822,+0.179,-13.6,-8.1,-52.3,-0.049,-0.853,+0.141,29.41,0.169,0.163,0.021,0.032
2025-06-01T15:00:26.010,26.010,102,WG,R_Knee,0x21,2,102,0.856,-0.035,-0.803,+0.128,+0.3,-0.2,+5.4,-0.040,-0.812,+0.149,29.41,0.015,0.022,0.030,0.021
2025-06-01T15:00:26.265,26.265,103,WG,R_Knee,0x21,2,103,0.819,-0.030,-0.822,+0.192,+12.1,+6.5,+63.1,-0.030,-0.824,+0.227,29.35,0.062,0.076,0.032,0.025
2025-06-01T15:00:26.520,26.520,104,WG,R_Knee,0x21,2,104,0.839,+0.037,-0.893,+0.242,+34.2,+15.1,+101.9,+0.004,-0.832,+0.253,29.39,0.131,0.122,0.025,0.035
2025-06-01T15:00:26.775,26.775,105,WG,R_Knee,0x21,2,105,0.749,+0.120,-0.977,+0.358,+35.8,+15.4,+116.1,+0.109,-0.995,+0.371,29.42,0.205,0.201,0.026,0.024
2025-06-01T15:00:27.030,27.030,106,WG,R_Knee,0x21,2,106,0.730,+0.198,-1.070,+0.459,+22.4,+15.6,+99.1,+0.215,-1.059,+0.459,29.46,0.190,0.174,0.022,0.025
2025-06-01T15:00:27.285,27.285,107,WG,R_Knee,0x21,2,107,0.702,+0.257,-1.146,+0.543,+18.3,+7.8,+49.8,+0.300,-1.122,+0.550,29.42,0.214,0.213,0.020,0.036
2025-06-01T15:00:27.540,27.540,108,WG,R_Knee,0x21,2,108,0.664,+0.284,-1.141,+0.555,+0.9,-1.1,-7.1,+0.311,-1.139,+0.548,29.27,0.259,0.248,0.026,0.028
2025-06-01T15:00:27.795,27.795,109,WG,R_Knee,0x21,2,109,0.685,+0.242,-1.138,+0.524,-22.7,-9.1,-65.7,+0.234,-1.161,+0.547,29.42,0.475,0.421,0.020,0.024
2025-06-01T15:00:28.050,28.050,110,WG,R_Knee,0x21,2,110,0.738,+0.165,-1.035,+0.431,-34.5,-16.9,-103.3,+0.186,-1.036,+0.462,29.45,0.629,0.559,0.026,0.021
2025-06-01T15:00:28.305,28.305,111,WG,R_Knee,0x21,2,111,0.766,+0.106,-0.970,+0.342,-33.9,-17.5,-114.5,+0.095,-0.966,+0.375,29.50,0.558,0.497,0.030,0.027
2025-06-01T15:00:28.560,28.560,112,WG,R_Knee,0x21,2,112,0.811,+0.017,-0.870,+0.223,-29.5,-13.0,-91.9,-0.022,-0.866,+0.248,29.48,0.343,0.305,0.027,0.020
2025-06-01T15:00:28.815,28.815,113,WG,R_Knee,0x21,2,113,0.823,-0.042,-0.823,+0.151,-9.1,-7.1,-44.3,-0.026,-0.810,+0.147,29.57,0.131,0.116,0.023,0.025
2025-06-01T15:00:29.070,29.070,114,WG,R_Knee,0x21,2,114,0.839,-0.062,-0.806,+0.146,+5.2,+0.9,+16.4,-0.066,-0.832,+0.138,29.52,0.050,0.053,0.031,0.028
2025-06-01T15:00:29.325,29.325,115,WG,R_Knee,0x21,2,115,0.819,-0.015,-0.850,+0.179,+19.9,+12.2,+68.9,-0.012,-0.894,+0.178,29.52,0.063,0.058,0.021,0.026
2025-06-01T15:00:29.580,29.580,116,WG,R_Knee,0x21,2,116,0.799,+0.061,-0.915,+0.276,+28.9,+13.6,+108.2,+0.062,-0.889,+0.284,29.51,0.163,0.144,0.023,0.026
2025-06-01T15:00:29.835,29.835,117,WG,R_Knee,0x21,2,117,0.752,+0.133,-1.022,+0.394,+34.8,+16.8,+117.4,+0.106,-1.063,+0.397,29.40,0.202,0.182,0.027,0.025
2025-06-01T15:00:30.090,30.090,118,WG,R_Knee,0x21,2,118,0.687,+0.221,-1.101,+0.484,+24.1,+11.9,+88.8,+0.229,-1.094,+0.494,29.51,0.193,0.184,0.021,0.022
2025-06-01T15:00:30.345,30.345,119,WG,R_Knee,0x21,2,119,0.666,+0.273,-1.154,+0.545,+11.7,+3.1,+36.7,+0.297,-1.147,+0.524,29.51,0.187,0.169,0.020,0.022
2025-06-01T15:00:30.600,30.600,120,WG,R_Knee,0x21,2,120,0.667,+0.277,-1.167,+0.557,-12.3,-1.9,-22.9,+0.283,-1.172,+0.569,29.45,0.327,0.288,0.023,0.021
2025-06-01T15:00:30.855,30.855,121,WG,R_Knee,0x21,2,121,0.696,+0.250,-1.120,+0.519,-21.1,-9.1,-80.2,+0.241,-1.130,+0.505,29.51,0.530,0.466,0.023,0.036
2025-06-01T15:00:31.110,31.110,122,WG,R_Knee,0x21,2,122,0.728,+0.160,-1.037,+0.405,-28.6,-17.3,-110.2,+0.130,-1.043,+0.404,29.51,0.631,0.559,0.022,0.024
2025-06-01T15:00:31.365,31.365,123,WG,R_Knee,0x21,2,123,0.769,+0.040,-0.933,+0.325,-37.0,-19.2,-113.8,+0.036,-0.933,+0.332,29.47,0.498,0.451,0.027,0.021
2025-06-01T15:00:31.620,31.620,124,WG,R_Knee,0x21,2,124,0.831,-0.005,-0.835,+0.201,-21.0,-15.4,-83.2,-0.014,-0.847,+0.219,29.49,0.274,0.250,0.022,0.024
2025-06-01T15:00:31.875,31.875,125,WG,R_Knee,0x21,2,125,0.855,-0.032,-0.796,+0.165,-13.3,-5.0,-31.9,-0.034,-0.798,+0.162,29.49,0.105,0.101,0.030,0.028
2025-06-01T15:00:32.130,32.130,126,WG,R_Knee,0x21,2,126,0.845,-0.049,-0.796,+0.148,+5.6,+5.7,+31.2,-0.054,-0.766,+0.154,29.52,0.045,0.051,0.020,0.022
2025-06-01T15:00:32.385,32.385,127,WG,R_Knee,0x21,2,127,0.812,+0.006,-0.846,+0.197,+29.2,+13.1,+87.0,-0.003,-0.848,+0.218,29.49,0.099,0.091,0.040,0.026
2025-06-01T15:00:32.640,32.640,128,WG,R_Knee,0x21,2,128,0.779,+0.078,-0.957,+0.315,+37.1,+16.4,+110.3,+0.077,-0.932,+0.323,29.55,0.157,0.158,0.027,0.027
2025-06-01T15:00:32.895,32.895,129,WG,R_Knee,0x21,2,129,0.738,+0.156,-1.023,+0.416,+35.9,+17.8,+110.3,+0.132,-1.010,+0.399,29.43,0.207,0.183,0.023,0.030
2025-06-01T15:00:33.150,33.150,130,WG,R_Knee,0x21,2,130,0.686,+0.227,-1.106,+0.505,+25.6,+14.1,+75.6,+0.194,-1.079,+0.527,29.51,0.191,0.171,0.022,0.034
2025-06-01T15:00:33.405,33.405,131,WG,R_Knee,0x21,2,131,0.658,+0.282,-1.148,+0.551,+9.2,+5.8,+21.3,+0.269,-1.134,+0.502,29.45,0.212,0.195,0.032,0.022
2025-06-01T15:00:33.660,33.660,132,WG,R_Knee,0x21,2,132,0.648,+0.278,-1.134,+0.545,-11.6,-7.8,-40.4,+0.258,-1.103,+0.537,29.51,0.379,0.352,0.040,0.023
2025-06-01T15:00:33.915,33.915,133,WG,R_Knee,0x21,2,133,0.705,+0.244,-1.064,+0.476,-28.5,-12.3,-86.2,+0.250,-1.045,+0.505,29.57,0.596,0.528,0.022,0.027
2025-06-01T15:00:34.170,34.170,134,WG,R_Knee,0x21,2,134,0.761,+0.144,-1.032,+0.387,-36.2,-18.2,-113.7,+0.166,-1.039,+0.418,29.55,0.630,0.576,0.026,0.029
2025-06-01T15:00:34.425,34.425,135,WG,R_Knee,0x21,2,135,0.837,+0.043,-0.915,+0.290,-34.9,-14.9,-108.8,+0.053,-0.913,+0.267,29.55,0.461,0.410,0.021,0.036
2025-06-01T15:00:34.680,34.680,136,WG,R_Knee,0x21,2,136,0.833,-0.016,-0.837,+0.192,-20.6,-11.2,-70.9,-0.025,-0.797,+0.201,29.56,0.209,0.186,0.030,0.023
2025-06-01T15:00:34.935,34.935,137,WG,R_Knee,0x21,2,137,0.852,-0.056,-0.793,+0.141,-3.2,-1.6,-14.3,-0.064,-0.801,+0.110,29.64,0.065,0.068,0.026,0.027
2025-06-01T15:00:35.190,35.190,138,WG,R_Knee,0x21,2,138,0.851,-0.049,-0.982,+0.081,-2.5,+0.5,-0.9,-0.039,-0.945,+0.128,29.51,0.011,0.031,0.021,0.026
2025-06-01T15:00:35.445,35.445,139,WG,R_Knee,0x21,2,139,0.839,-0.076,-0.987,+0.076,+0.5,-1.0,-0.3,-0.066,-0.997,+0.068,29.62,0.010,0.014,0.022,0.030
2025-06-01T15:00:35.700,35.700,140,WG,R_Knee,0x21,2,140,0.808,-0.070,-0.999,+0.075,+0.6,-1.3,-0.2,-0.056,-0.991,+0.057,29.50,0.001,0.007,0.030,0.024
2025-06-01T15:00:35.955,35.955,141,WG,R_Knee,0x21,2,141,0.859,-0.061,-0.959,+0.073,-0.5,+2.5,+2.1,-0.079,-0.913,+0.060,29.56,0.003,0.017,0.030,0.022
2025-06-01T15:00:36.210,36.210,142,WG,R_Knee,0x21,2,142,0.850,-0.052,-0.973,+0.077,+1.6,-1.9,-2.4,-0.039,-0.958,+0.083,29.59,0.009,0.016,0.022,0.029
2025-06-01T15:00:36.465,36.465,143,WG,R_Knee,0x21,2,143,0.846,-0.055,-0.989,+0.063,-0.6,+0.0,+1.4,-0.012,-0.994,+0.039,29.55,0.025,0.040,0.041,0.021
2025-06-01T15:00:36.720,36.720,144,WG,R_Knee,0x21,2,144,0.869,-0.028,-0.986,+0.052,+0.1,-2.3,-1.8,-0.004,-1.023,+0.078,29.61,0.030,0.037,0.035,0.025
2025-06-01T15:00:36.975,36.975,145,WG,R_Knee,0x21,2,145,0.884,-0.062,-0.994,+0.081,+1.5,+1.2,+0.1,-0.043,-0.979,+0.095,29.64,0.015,0.028,0.022,0.036
2025-06-01T15:00:37.230,37.230,146,WG,R_Knee,0x21,2,146,0.837,-0.037,-0.965,+0.091,-1.7,+0.5,-2.8,-0.038,-0.962,+0.074,29.54,0.025,0.030,0.024,0.024
2025-06-01T15:00:37.485,37.485,147,WG,R_Knee,0x21,2,147,0.859,-0.040,-0.998,+0.085,+0.9,+1.3,+2.9,-0.045,-0.965,+0.118,29.60,0.011,0.010,0.033,0.021
2025-06-01T15:00:37.740,37.740,148,WG,R_Knee,0x21,2,148,0.861,-0.061,-1.007,+0.078,+1.4,-1.0,+0.7,-0.055,-1.018,+0.069,29.58,0.020,0.024,0.027,0.022
2025-06-01T15:00:37.995,37.995,149,WG,R_Knee,0x21,2,149,0.873,-0.041,-0.966,+0.060,+0.4,+1.3,-1.0,-0.056,-0.964,+0.043,29.50,0.021,0.026,0.030,0.024
2025-06-01T15:00:38.250,38.250,150,WG,R_Knee,0x21,2,150,0.840,-0.022,-0.966,+0.079,+2.1,+0.1,+1.0,-0.041,-0.955,+0.062,29.59,0.016,0.016,0.021,0.024
2025-06-01T15:00:38.505,38.505,151,WG,R_Knee,0x21,2,151,0.844,-0.057,-0.981,+0.064,-2.1,-0.0,-1.8,-0.047,-0.961,+0.085,29.56,0.019,0.021,0.031,0.024
2025-06-01T15:00:38.760,38.760,152,WG,R_Knee,0x21,2,152,0.841,-0.058,-0.969,+0.105,+0.6,+0.6,-1.2,-0.094,-1.011,+0.114,29.67,0.013,0.013,0.027,0.026
2025-06-01T15:00:39.015,39.015,153,WG,R_Knee,0x21,2,153,0.848,-0.034,-1.006,+0.060,-1.1,+2.1,+0.1,-0.031,-0.986,+0.056,29.56,0.006,0.016,0.026,0.025
2025-06-01T15:00:39.270,39.270,154,WG,R_Knee,0x21,2,154,0.870,-0.046,-0.981,+0.083,-1.4,+1.1,-4.8,-0.025,-0.966,+0.082,29.68,0.005,0.012,0.026,0.024
2025-06-01T15:00:39.525,39.525,155,WG,R_Knee,0x21,2,155,0.825,-0.058,-0.976,+0.060,+2.3,+2.6,+0.8,-0.076,-0.987,+0.049,29.57,0.013,0.015,0.031,0.025
2025-06-01T15:00:39.780,39.780,156,WG,R_Knee,0x21,2,156,0.828,-0.059,-0.966,+0.091,+0.8,+1.5,+1.3,-0.061,-0.962,+0.118,29.70,0.022,0.024,0.021,0.026
2025-06-01T15:00:40.035,40.035,157,WG,R_Knee,0x21,2,157,0.883,-0.036,-0.978,+0.069,-0.3,-2.0,-2.9,-0.050,-0.999,+0.079,29.63,0.015,0.023,0.043,0.022
2025-06-01T15:00:40.290,40.290,158,WG,R_Knee,0x21,2,158,0.845,-0.041,-0.972,+0.079,+1.8,-0.8,+1.5,-0.005,-0.998,+0.060,29.62,0.009,0.008,0.037,0.021
2025-06-01T15:00:40.545,40.545,159,WG,R_Knee,0x21,2,159,0.836,-0.069,-0.966,+0.065,+1.6,+0.7,+5.7,-0.070,-0.940,+0.076,29.64,0.006,0.007,0.030,0.035
2025-06-01T15:00:40.800,40.800,160,WG,R_Knee,0x21,2,160,0.864,-0.044,-0.972,+0.063,-1.6,-0.7,-0.7,-0.027,-0.985,+0.079,29.65,0.016,0.024,0.033,0.027
2025-06-01T15:00:41.055,41.055,161,WG,R_Knee,0x21,2,161,0.854,-0.058,-0.979,+0.083,-3.1,+1.8,+3.7,-0.073,-0.964,+0.097,29.67,0.015,0.020,0.026,0.034
2025-06-01T15:00:41.310,41.310,162,WG,R_Knee,0x21,2,162,0.844,-0.038,-0.993,+0.081,+1.1,-1.3,-0.6,-0.037,-0.996,+0.089,29.69,0.009,0.033,0.030,0.032
2025-06-01T15:00:41.565,41.565,163,WG,R_Knee,0x21,2,163,0.851,-0.066,-0.957,+0.059,+0.9,-0.9,+0.7,-0.087,-0.945,+0.072,29.58,0.018,0.021,0.023,0.024
2025-06-01T15:00:41.820,41.820,164,WG,R_Knee,0x21,2,164,0.859,-0.051,-0.983,+0.094,-1.1,-0.5,+0.3,-0.062,-0.989,+0.074,29.54,0.015,0.023,0.021,0.021
2025-06-01T15:00:42.075,42.075,165,WG,R_Knee,0x21,2,165,0.847,-0.056,-1.004,+0.073,+2.8,+0.6,+1.6,-0.079,-0.971,+0.058,29.47,0.020,0.022,0.040,0.020
2025-06-01T15:00:42.330,42.330,166,WG,R_Knee,0x21,2,166,0.853,-0.049,-0.958,+0.065,+1.7,+1.4,+1.9,-0.074,-0.989,+0.056,29.58,0.006,0.008,0.032,0.021
2025-06-01T15:00:42.585,42.585,167,WG,R_Knee,0x21,2,167,0.848,-0.057,-0.971,+0.082,+0.4,+1.3,-1.7,-0.046,-0.956,+0.089,29.64,0.020,0.028,0.025,0.032
2025-06-01T15:00:42.840,42.840,168,WG,R_Knee,0x21,2,168,0.824,-0.052,-0.989,+0.085,+2.3,+2.0,-1.2,-0.041,-0.954,+0.121,29.62,0.011,0.019,0.026,0.021
2025-06-01T15:00:43.095,43.095,169,WG,R_Knee,0x21,2,169,0.861,-0.043,-0.967,+0.070,+1.7,+0.6,+1.3,-0.046,-0.986,+0.057,29.61,0.014,0.029,0.021,0.044
2025-06-01T15:00:43.350,43.350,170,WG,R_Knee,0x21,2,170,0.869,-0.068,-0.973,+0.097,-1.3,-0.2,-1.6,-0.066,-0.998,+0.125,29.58,0.004,0.013,0.022,0.026
2025-06-01T15:00:43.605,43.605,171,WG,R_Knee,0x21,2,171,0.847,-0.057,-1.003,+0.081,-0.8,+1.4,+1.9,-0.053,-0.980,+0.085,29.57,0.014,0.013,0.026,0.028
2025-06-01T15:00:43.860,43.860,172,WG,R_Knee,0x21,2,172,0.853,-0.051,-0.991,+0.083,+0.8,+1.5,+3.1,-0.043,-0.983,+0.062,29.59,0.024,0.045,0.024,0.025
2025-06-01T15:00:44.115,44.115,173,WG,R_Knee,0x21,2,173,0.858,-0.067,-0.986,+0.079,+1.0,-2.1,-1.5,-0.101,-0.988,+0.112,29.62,0.000,0.015,0.035,0.026
2025-06-01T15:00:44.370,44.370,174,WG,R_Knee,0x21,2,174,0.837,-0.042,-0.991,+0.054,+1.4,+0.7,+2.4,-0.028,-0.963,+0.046,29.51,0.007,0.006,0.023,0.026
2025-06-01T15:00:44.625,44.625,175,WG,R_Knee,0x21,2,175,0.851,-0.047,-0.993,+0.066,+0.4,-2.5,+0.9,-0.063,-0.987,+0.075,29.64,0.001,0.007,0.032,0.023
2025-06-01T15:00:44.880,44.880,176,WG,R_Knee,0x21,2,176,0.836,-0.023,-0.974,+0.074,-0.4,-3.1,+1.7,-0.023,-0.953,+0.049,29.53,0.007,0.031,0.024,0.020
2025-06-01T15:00:45.135,45.135,177,WG,R_Knee,0x21,2,177,0.845,-0.055,-0.976,+0.101,-1.3,-0.5,+1.6,-0.029,-0.975,+0.094,29.59,0.017,0.017,0.021,0.020
2025-06-01T15:00:45.390,45.390,178,WG,R_Knee,0x21,2,178,0.858,-0.076,-0.976,+0.077,-1.7,-1.2,+0.7,-0.098,-0.979,+0.077,29.57,0.017,0.020,0.022,0.026
2025-06-01T15:00:45.645,45.645,179,WG,R_Knee,0x21,2,179,0.813,-0.066,-0.978,+0.074,+1.3,+1.9,-1.9,-0.027,-0.966,+0.073,29.58,0.013,0.015,0.028,0.028
2025-06-01T15:00:45.900,45.900,180,WG,R_Knee,0x21,2,180,0.825,-0.051,-0.961,+0.078,+0.4,-0.6,+4.0,-0.060,-0.968,+0.090,29.55,0.000,0.006,0.038,0.026
2025-06-01T15:00:46.155,46.155,181,WG,R_Knee,0x21,2,181,0.828,-0.036,-0.974,+0.097,-1.1,-2.2,+0.1,-0.055,-0.941,+0.085,29.54,0.023,0.020,0.034,0.020
2025-06-01T15:00:46.410,46.410,182,WG,R_Knee,0x21,2,182,0.835,-0.059,-0.978,+0.082,+2.4,+3.3,-4.4,-0.031,-0.972,+0.096,29.59,0.005,0.008,0.028,0.032
2025-06-01T15:00:46.665,46.665,183,WG,R_Knee,0x21,2,183,0.862,-0.053,-0.972,+0.093,-1.6,-2.9,+1.2,-0.072,-0.979,+0.066,29.55,0.020,0.022,0.036,0.026
2025-06-01T15:00:46.920,46.920,184,WG,R_Knee,0x21,2,184,0.826,-0.062,-0.991,+0.083,-4.5,+1.5,-3.0,-0.053,-1.004,+0.095,29.72,0.030,0.034,0.026,0.032
2025-06-01T15:00:47.175,47.175,185,WG,R_Knee,0x21,2,185,0.850,-0.031,-0.999,+0.083,-2.9,+1.2,-3.0,-0.061,-1.031,+0.093,29.58,0.022,0.029,0.021,0.028
2025-06-01T15:00:47.430,47.430,186,WG,R_Knee,0x21,2,186,0.864,-0.015,-0.958,+0.076,+1.4,-1.0,-0.3,-0.002,-0.941,+0.091,29.57,0.025,0.023,0.028,0.035
2025-06-01T15:00:47.685,47.685,187,WG,R_Knee,0x21,2,187,0.857,-0.075,-0.988,+0.101,-0.6,+0.4,-3.9,-0.099,-0.994,+0.111,29.57,0.022,0.046,0.031,0.036
2025-06-01T15:00:47.940,47.940,188,WG,R_Knee,0x21,2,188,0.873,-0.078,-0.987,+0.081,+0.6,-0.3,+0.8,-0.098,-0.985,+0.097,29.55,0.000,0.010,0.026,0.028
2025-06-01T15:00:48.195,48.195,189,WG,R_Knee,0x21,2,189,0.850,-0.056,-0.988,+0.084,+0.2,-0.1,-1.3,-0.009,-0.983,+0.073,29.48,0.010,0.019,0.038,0.022
2025-06-01T15:00:48.450,48.450,190,WG,R_Knee,0x21,2,190,0.848,-0.042,-0.972,+0.079,-4.3,+2.8,-0.9,-0.069,-0.947,+0.066,29.59,0.004,0.006,0.032,0.025
2025-06-01T15:00:48.705,48.705,191,WG,R_Knee,0x21,2,191,0.850,-0.053,-0.993,+0.068,+1.2,-0.8,+0.4,-0.048,-0.988,+0.060,29.62,0.009,0.017,0.026,0.026
2025-06-01T15:00:48.960,48.960,192,WG,R_Knee,0x21,2,192,0.861,-0.051,-0.989,+0.059,-0.4,-0.9,+4.4,-0.025,-1.003,+0.032,29.52,0.012,0.028,0.026,0.027
2025-06-01T15:00:49.215,49.215,193,WG,R_Knee,0x21,2,193,0.840,-0.047,-0.979,+0.087,+0.3,+0.9,+1.8,-0.043,-0.991,+0.116,29.60,0.007,0.008,0.022,0.027
2025-06-01T15:00:49.470,49.470,194,WG,R_Knee,0x21,2,194,0.858,-0.039,-0.959,+0.068,-0.1,-4.2,-0.8,-0.037,-0.958,+0.044,29.54,0.016,0.025,0.022,0.032
2025-06-01T15:00:49.725,49.725,195,WG,R_Knee,0x21,2,195,0.863,-0.061,-0.969,+0.051,-0.2,-0.6,-2.3,-0.116,-0.985,+0.066,29.60,0.009,0.016,0.032,0.020
2025-06-01T15:00:49.980,49.980,196,WG,R_Knee,0x21,2,196,0.855,-0.051,-0.976,+0.109,-0.6,-0.7,-0.1,-0.058,-0.949,+0.076,29.62,0.024,0.027,0.028,0.030
2025-06-01T15:00:50.235,50.235,197,WG,R_Knee,0x21,2,197,0.834,-0.059,-0.965,+0.076,-0.4,+1.9,-3.0,-0.028,-0.977,+0.046,29.62,0.010,0.019,0.028,0.022
2025-06-01T15:00:50.490,50.490,198,WG,R_Knee,0x21,2,198,0.865,-0.036,-0.985,+0.084,+0.7,+0.0,+1.3,-0.072,-1.002,+0.072,29.62,0.026,0.035,0.020,0.021
2025-06-01T15:00:50.745,50.745,199,WG,R_Knee,0x21,2,199,0.881,-0.064,-1.000,+0.075,-1.9,-1.9,-2.2,-0.081,-1.003,+0.080,29.56,0.037,0.042,0.021,0.021
2025-06-01T15:00:51.000,51.000,200,WG,R_Knee,0x21,2,200,0.873,-0.044,-0.961,+0.068,+0.4,+0.6,+1.6,-0.016,-0.952,+0.085,29.64,0.017,0.018,0.025,0.022
2025-06-01T15:00:51.255,51.255,201,WG,R_Knee,0x21,2,201,0.844,-0.058,-0.983,+0.077,+1.0,-0.5,-1.6,-0.037,-0.967,+0.078,29.58,0.003,0.009,0.025,0.021
2025-06-01T15:00:51.510,51.510,202,WG,R_Knee,0x21,2,202,0.843,-0.037,-0.976,+0.106,+1.1,-1.0,+3.3,-0.050,-1.002,+0.078,29.62,0.006,0.022,0.022,0.022
2025-06-01T15:00:51.765,51.765,203,WG,R_Knee,0x21,2,203,0.851,-0.047,-0.990,+0.104,+0.0,-1.2,+0.7,-0.047,-0.975,+0.103,29.63,0.017,0.015,0.029,0.029
2025-06-01T15:00:52.020,52.020,204,WG,R_Knee,0x21,2,204,0.847,-0.039,-0.981,+0.084,+1.6,+0.9,-3.1,-0.048,-0.963,+0.092,29.58,0.008,0.013,0.024,0.022
2025-06-01T15:00:52.275,52.275,205,WG,R_Knee,0x21,2,205,0.860,-0.052,-0.976,+0.071,+2.8,+0.8,-0.5,-0.045,-0.976,+0.066,29.54,0.023,0.026,0.031,0.021
2025-06-01T15:00:52.530,52.530,206,WG,R_Knee,0x21,2,206,0.875,-0.026,-1.005,+0.087,-0.8,+1.1,-2.3,-0.024,-0.998,+0.098,29.63,0.014,0.018,0.024,0.030
2025-06-01T15:00:52.785,52.785,207,WG,R_Knee,0x21,2,207,0.867,-0.038,-0.990,+0.068,+3.0,-0.9,+4.7,-0.024,-0.978,+0.061,29.54,0.009,0.021,0.028,0.023
2025-06-01T15:00:53.040,53.040,208,WG,R_Knee,0x21,2,208,0.866,-0.042,-0.964,+0.082,+1.9,-0.7,+3.0,-0.041,-1.014,+0.065,29.56,0.011,0.013,0.028,0.022
2025-06-01T15:00:53.295,53.295,209,WG,R_Knee,0x21,2,209,0.860,-0.060,-0.993,+0.073,-1.4,-0.9,-0.2,-0.054,-0.969,+0.084,29.54,0.029,0.031,0.036,0.025
2025-06-01T15:00:53.550,53.550,210,WG,R_Knee,0x21,2,210,0.837,-0.058,-0.976,+0.083,+1.3,+1.6,+0.9,-0.034,-0.967,+0.082,29.64,0.000,0.001,0.023,0.020
2025-06-01T15:00:53.805,53.805,211,WG,R_Knee,0x21,2,211,0.837,-0.042,-0.989,+0.069,+1.7,-0.1,-1.2,-0.032,-0.993,+0.052,29.59,0.012,0.017,0.020,0.024
2025-06-01T15:00:54.060,54.060,212,WG,R_Knee,0x21,2,212,0.857,-0.042,-0.980,+0.103,-0.5,-0.8,-0.7,-0.068,-0.972,+0.121,29.49,0.018,0.019,0.034,0.028
2025-06-01T15:00:54.315,54.315,213,WG,R_Knee,0x21,2,213,0.860,-0.034,-0.964,+0.105,+2.3,-0.3,-6.2,-0.053,-0.947,+0.148,29.64,0.030,0.031,0.024,0.025
2025-06-01T15:00:54.570,54.570,214,WG,R_Knee,0x21,2,214,0.854,-0.041,-0.971,+0.098,+0.5,+3.2,+1.8,-0.050,-0.960,+0.081,29.70,0.016,0.018,0.023,0.023
2025-06-01T15:00:54.825,54.825,215,WG,R_Knee,0x21,2,215,0.859,-0.029,-0.974,+0.068,+1.0,+1.8,-3.6,+0.002,-0.979,+0.020,29.69,0.003,0.016,0.022,0.032
2025-06-01T15:00:55.080,55.080,216,WG,R_Knee,0x21,2,216,0.847,-0.056,-0.954,+0.091,-1.7,-3.9,+0.5,-0.074,-0.954,+0.081,29.57,0.015,0.029,0.022,0.030
2025-06-01T15:00:55.335,55.335,217,WG,R_Knee,0x21,2,217,0.842,-0.043,-0.963,+0.102,-0.9,-0.4,-0.8,-0.043,-0.976,+0.114,29.60,0.015,0.026,0.024,0.024
2025-06-01T15:00:55.590,55.590,218,WG,R_Knee,0x21,2,218,0.860,-0.035,-0.988,+0.089,-1.4,-0.6,+1.3,-0.088,-0.960,+0.068,29.62,0.019,0.031,0.022,0.033
2025-06-01T15:00:55.845,55.845,219,WG,R_Knee,0x21,2,219,0.850,-0.037,-0.979,+0.091,-1.8,-0.5,+1.4,-0.053,-0.997,+0.101,29.64,0.008,0.023,0.025,0.024
2025-06-01T15:00:56.100,56.100,220,WG,R_Knee,0x21,2,220,0.844,-0.047,-1.009,+0.079,-1.5,+0.2,+0.3,-0.040,-0.994,+0.086,29.60,0.022,0.020,0.020,0.023
2025-06-01T15:00:56.355,56.355,221,WG,R_Knee,0x21,2,221,0.847,-0.050,-0.985,+0.088,+3.7,+1.1,+0.2,-0.024,-0.994,+0.116,29.54,0.010,0.036,0.023,0.024
2025-06-01T15:00:56.610,56.610,222,WG,R_Knee,0x21,2,222,0.850,-0.054,-0.977,+0.078,-0.5,-1.7,+1.1,-0.032,-1.001,+0.082,29.64,0.018,0.024,0.029,0.022
2025-06-01T15:00:56.865,56.865,223,WG,R_Knee,0x21,2,223,0.861,-0.050,-0.986,+0.075,+3.1,-1.6,+0.4,-0.064,-0.991,+0.046,29.63,0.030,0.032,0.024,0.028
2025-06-01T15:00:57.120,57.120,224,WG,R_Knee,0x21,2,224,0.845,-0.048,-0.993,+0.092,-3.5,-0.7,+0.7,-0.006,-0.993,+0.104,29.53,0.003,0.008,0.029,0.024
2025-06-01T15:00:57.375,57.375,225,WG,R_Knee,0x21,2,225,0.840,-0.036,-0.993,+0.052,+0.1,-1.9,-5.5,-0.039,-0.972,+0.008,29.58,0.007,0.009,0.024,0.020
2025-06-01T15:00:57.630,57.630,226,WG,R_Knee,0x21,2,226,0.843,-0.065,-0.984,+0.075,-0.7,-3.4,-1.5,-0.042,-0.957,+0.059,29.61,0.006,0.006,0.026,0.024
2025-06-01T15:00:57.885,57.885,227,WG,R_Knee,0x21,2,227,0.863,-0.056,-0.965,+0.078,-0.0,+0.7,-0.4,-0.063,-0.990,+0.082,29.60,0.037,0.038,0.027,0.022
2025-06-01T15:00:58.140,58.140,228,WG,R_Knee,0x21,2,228,0.856,-0.053,-0.982,+0.077,-2.2,+1.1,-0.6,-0.022,-1.013,+0.072,29.63,0.020,0.027,0.021,0.029
2025-06-01T15:00:58.395,58.395,229,WG,R_Knee,0x21,2,229,0.871,-0.048,-1.003,+0.089,-1.5,-2.3,+3.6,-0.035,-0.993,+0.080,29.64,0.018,0.019,0.030,0.022
2025-06-01T15:00:58.650,58.650,230,WG,R_Knee,0x21,2,230,0.824,-0.055,-0.976,+0.081,+0.6,+0.9,+0.3,-0.057,-0.983,+0.083,29.63,0.025,0.035,0.024,0.022
2025-06-01T15:00:58.905,58.905,231,WG,R_Knee,0x21,2,231,0.862,-0.060,-0.973,+0.086,-0.3,+3.1,-1.7,-0.050,-0.978,+0.071,29.59,0.027,0.025,0.023,0.023
2025-06-01T15:00:59.160,59.160,232,WG,R_Knee,0x21,2,232,0.854,-0.056,-0.979,+0.087,-0.4,-0.1,-0.7,-0.081,-0.982,+0.091,29.53,0.016,0.019,0.033,0.027
2025-06-01T15:00:59.415,59.415,233,WG,R_Knee,0x21,2,233,0.864,-0.049,-0.978,+0.072,+2.5,-0.2,+0.4,-0.039,-0.981,+0.079,29.63,0.000,0.010,0.027,0.035
2025-06-01T15:00:59.670,59.670,234,WG,R_Knee,0x21,2,234,0.825,-0.068,-0.966,+0.094,+1.7,+0.7,+1.4,-0.085,-0.949,+0.109,29.67,0.011,0.016,0.025,0.021
2025-06-01T15:00:59.925,59.925,235,WG,R_Knee,0x21,2,235,0.861,-0.044,-0.984,+0.101,-0.4,-2.0,-0.9,-0.048,-0.990,+0.097,29.70,0.012,0.022,0.034,0.026
2025-06-01T15:01:00.180,60.180,236,WG,R_Knee,0x21,2,236,0.837,-0.065,-0.973,+0.095,-1.9,-2.6,+3.2,-0.035,-0.966,+0.065,29.60,0.015,0.015,0.024,0.034
2025-06-01T15:01:00.435,60.435,237,WG,R_Knee,0x21,2,237,0.863,-0.057,-0.987,+0.093,+0.7,-1.1,-0.4,-0.057,-0.962,+0.119,29.60,0.011,0.019,0.022,0.022
2025-06-01T15:01:00.690,60.690,238,WG,R_Knee,0x21,2,238,0.884,-0.049,-0.992,+0.077,+1.0,-0.4,+0.3,-0.065,-0.994,+0.076,29.67,0.011,0.018,0.028,0.039
2025-06-01T15:01:00.945,60.945,239,WG,R_Knee,0x21,2,239,0.854,-0.049,-0.990,+0.083,-2.0,+0.6,-0.4,-0.072,-0.987,+0.057,29.67,0.000,0.021,0.024,0.025
2025-06-01T15:01:01.200,61.200,240,WG,R_Knee,0x21,2,240,0.833,-0.061,-0.985,+0.060,-0.7,+0.4,+1.5,-0.057,-0.968,+0.067,29.62,0.009,0.022,0.025,0.033
2025-06-01T15:01:01.455,61.455,241,WG,R_Knee,0x21,2,241,0.858,-0.046,-0.988,+0.089,+0.5,+1.4,-4.3,-0.071,-1.010,+0.090,29.64,0.003,0.007,0.031,0.025
2025-06-01T15:01:01.710,61.710,242,WG,R_Knee,0x21,2,242,0.837,-0.035,-0.987,+0.077,-0.0,-1.5,+1.8,-0.052,-0.979,+0.079,29.56,0.017,0.033,0.022,0.027
2025-06-01T15:01:01.965,61.965,243,WG,R_Knee,0x21,2,243,0.852,-0.037,-0.983,+0.075,-1.4,-0.6,+0.4,-0.028,-0.994,+0.054,29.63,0.008,0.013,0.024,0.021
2025-06-01T15:01:02.220,62.220,244,WG,R_Knee,0x21,2,244,0.851,-0.036,-0.969,+0.074,+1.0,-1.4,+0.7,-0.040,-1.002,+0.058,29.56,0.013,0.012,0.031,0.027
2025-06-01T15:01:02.475,62.475,245,WG,R_Knee,0x21,2,245,0.849,-0.052,-0.980,+0.076,-1.3,-0.9,+0.3,-0.041,-1.003,+0.056,29.59,0.017,0.018,0.034,0.021
2025-06-01T15:01:02.730,62.730,246,WG,R_Knee,0x21,2,246,0.848,-0.056,-0.975,+0.064,+0.1,+2.0,+0.7,-0.047,-0.955,+0.075,29.59,0.019,0.017,0.030,0.025
2025-06-01T15:01:02.985,62.985,247,WG,R_Knee,0x21,2,247,0.884,-0.057,-0.974,+0.099,+1.2,+1.4,+4.0,-0.033,-0.985,+0.079,29.58,0.023,0.036,0.022,0.024
2025-06-01T15:01:03.240,63.240,248,WG,R_Knee,0x21,2,248,0.858,-0.048,-0.979,+0.090,-0.5,+0.8,-0.5,-0.053,-0.971,+0.072,29.49,0.006,0.006,0.026,0.026
2025-06-01T15:01:03.495,63.495,249,WG,R_Knee,0x21,2,249,0.834,-0.032,-0.994,+0.087,-0.5,+0.9,+2.5,-0.042,-0.975,+0.073,29.56,0.011,0.022,0.027,0.022
2025-06-01T15:01:03.750,63.750,250,WG,R_Knee,0x21,2,250,0.872,-0.058,-0.984,+0.086,+1.4,-1.9,+0.1,-0.033,-0.966,+0.090,29.62,0.018,0.024,0.024,0.020
2025-06-01T15:01:04.005,64.005,251,WG,R_Knee,0x21,2,251,0.840,-0.046,-0.989,+0.061,+1.4,+2.0,-0.2,-0.013,-1.030,+0.046,29.60,0.019,0.024,0.026,0.023
2025-06-01T15:01:04.260,64.260,252,WG,R_Knee,0x21,2,252,0.860,-0.052,-0.984,+0.064,-2.4,-0.0,+1.9,-0.038,-0.981,+0.074,29.58,0.003,0.013,0.026,0.024
2025-06-01T15:01:04.515,64.515,253,WG,R_Knee,0x21,2,253,0.858,-0.042,-0.993,+0.094,-0.5,+2.9,-1.2,-0.020,-0.989,+0.092,29.62,0.009,0.009,0.030,0.028
2025-06-01T15:01:04.770,64.770,254,WG,R_Knee,0x21,2,254,0.851,-0.060,-0.971,+0.064,+0.1,+0.4,+1.7,-0.035,-0.953,+0.051,29.63,0.032,0.056,0.021,0.023
