timestamp_iso,t_s,round,node,label,present_mask_hex,version,node_seq,ax_g,ay_g,az_g,gx_dps,gy_dps,gz_dps,hx_g,hy_g,hz_g,imu_temp_c,eeg_delta,eeg_theta,eeg_alpha,eeg_beta,eeg_gamma
2026-06-05T15:00:00.000,0.000,0,HEAD,Head_main,0x09,2,0,-0.008,-1.025,-0.012,-0.1,-0.7,+0.4,+0.007,-1.015,-0.024,28.98,0.335,0.193,0.222,0.138,0.105
2026-06-05T15:00:00.255,0.255,1,HEAD,Head_main,0x09,2,1,+0.004,-1.015,+0.002,+0.0,-0.3,+1.2,+0.007,-1.031,-0.007,29.00,0.348,0.191,0.231,0.126,0.067
2026-06-05T15:00:00.510,0.510,2,HEAD,Head_main,0x09,2,2,+0.010,-1.009,-0.007,+0.7,+0.4,+0.3,-0.012,-0.994,+0.009,29.03,0.357,0.204,0.218,0.133,0.064
2026-06-05T15:00:00.765,0.765,3,HEAD,Head_main,0x09,2,3,+0.000,-1.000,-0.000,+2.3,+0.0,-0.1,+0.004,-0.979,+0.015,29.01,0.353,0.183,0.216,0.142,0.092
2026-06-05T15:00:01.020,1.020,4,HEAD,Head_main,0x09,2,4,-0.012,-0.999,+0.009,+0.4,-0.2,-0.5,-0.006,-1.005,+0.006,28.99,0.336,0.196,0.222,0.150,0.063
2026-06-05T15:00:01.274,1.275,5,HEAD,Head_main,0x09,2,5,-0.000,-0.999,+0.012,-0.4,+0.9,-0.2,+0.006,-1.003,+0.026,28.97,0.342,0.213,0.231,0.145,0.073
2026-06-05T15:00:01.530,1.530,6,HEAD,Head_main,0x09,2,6,+0.005,-0.987,+0.009,-0.4,-1.0,+0.6,+0.006,-0.971,+0.014,28.99,0.344,0.220,0.225,0.138,0.085
2026-06-05T15:00:01.785,1.785,7,HEAD,Head_main,0x09,2,7,+0.014,-0.979,-0.006,-0.2,-0.2,+0.1,+0.030,-0.965,-0.012,29.01,0.345,0.196,0.228,0.142,0.088
2026-06-05T15:00:02.040,2.040,8,HEAD,Head_main,0x09,2,8,-0.003,-1.016,-0.017,-1.0,+0.6,+0.6,+0.004,-0.990,+0.017,28.99,0.364,0.198,0.207,0.146,0.077
2026-06-05T15:00:02.294,2.295,9,HEAD,Head_main,0x09,2,9,-0.002,-1.020,+0.000,+0.9,+0.6,+0.1,+0.011,-0.993,+0.037,29.05,0.334,0.193,0.236,0.138,0.085
2026-06-05T15:00:02.549,2.550,10,HEAD,Head_main,0x09,2,10,-0.025,-1.003,+0.016,+0.5,-0.2,+0.1,-0.019,-0.969,-0.005,29.04,0.360,0.182,0.224,0.141,0.077
2026-06-05T15:00:02.805,2.805,11,HEAD,Head_main,0x09,2,11,-0.011,-0.996,+0.007,-0.9,-0.6,-0.1,-0.009,-0.992,-0.001,29.07,0.357,0.184,0.218,0.144,0.085
2026-06-05T15:00:03.060,3.060,12,HEAD,Head_main,0x09,2,12,+0.000,-0.993,-0.024,+1.1,+1.1,-0.7,-0.012,-0.967,-0.046,28.98,0.362,0.205,0.225,0.142,0.076
2026-06-05T15:00:03.314,3.315,13,HEAD,Head_main,0x09,2,13,-0.008,-0.992,+0.016,-0.0,+0.6,+1.3,-0.021,-0.994,+0.019,29.10,0.373,0.187,0.221,0.154,0.081
2026-06-05T15:00:03.570,3.570,14,HEAD,Head_main,0x09,2,14,-0.011,-0.993,+0.014,+1.0,-0.5,+1.3,+0.003,-0.945,+0.027,29.08,0.351,0.199,0.228,0.145,0.090
2026-06-05T15:00:03.825,3.825,15,HEAD,Head_main,0x09,2,15,+0.007,-1.003,+0.001,+0.8,+0.0,-0.5,+0.030,-1.011,-0.009,29.05,0.351,0.207,0.207,0.133,0.089
2026-06-05T15:00:04.080,4.080,16,HEAD,Head_main,0x09,2,16,+0.000,-1.013,-0.005,+0.6,-0.8,-0.0,-0.003,-0.981,-0.011,29.07,0.357,0.213,0.224,0.133,0.092
2026-06-05T15:00:04.334,4.335,17,HEAD,Head_main,0x09,2,17,-0.001,-1.005,+0.001,+1.2,-0.1,-0.9,+0.002,-1.018,+0.024,29.08,0.350,0.210,0.231,0.161,0.069
2026-06-05T15:00:04.589,4.590,18,HEAD,Head_main,0x09,2,18,+0.012,-0.992,-0.020,-0.8,-0.1,-1.3,-0.004,-0.972,-0.011,29.08,0.352,0.202,0.209,0.146,0.090
2026-06-05T15:00:04.844,4.845,19,HEAD,Head_main,0x09,2,19,+0.005,-1.005,-0.009,-1.2,-1.4,-0.0,+0.009,-0.989,-0.020,29.14,0.347,0.226,0.220,0.141,0.079
2026-06-05T15:00:05.099,5.100,20,HEAD,Head_main,0x09,2,20,+0.006,-0.992,-0.013,+0.9,+0.6,+0.5,+0.010,-0.968,-0.020,29.05,0.351,0.193,0.235,0.136,0.078
2026-06-05T15:00:05.355,5.355,21,HEAD,Head_main,0x09,2,21,+0.016,-1.016,-0.003,-0.4,+0.8,+3.9,-0.008,-0.987,+0.016,29.05,0.349,0.198,0.245,0.156,0.085
2026-06-05T15:00:05.610,5.610,22,HEAD,Head_main,0x09,2,22,+0.024,-0.990,+0.020,-0.1,-0.5,+6.6,+0.039,-0.965,+0.026,29.10,0.347,0.195,0.202,0.148,0.059
2026-06-05T15:00:05.865,5.865,23,HEAD,Head_main,0x09,2,23,+0.051,-0.983,+0.004,-0.8,-0.3,+4.1,+0.032,-0.961,+0.017,29.04,0.348,0.189,0.198,0.149,0.100
2026-06-05T15:00:06.120,6.120,24,HEAD,Head_main,0x09,2,24,+0.082,-0.953,-0.004,-1.7,+1.3,+4.2,+0.053,-0.923,-0.002,29.00,0.328,0.191,0.208,0.161,0.081
2026-06-05T15:00:06.375,6.375,25,HEAD,Head_main,0x09,2,25,+0.088,-0.981,+0.024,-0.1,-0.7,+1.3,+0.088,-0.953,-0.033,29.11,0.359,0.218,0.221,0.132,0.067
2026-06-05T15:00:06.629,6.630,26,HEAD,Head_main,0x09,2,26,+0.093,-1.000,+0.014,-1.2,-0.2,-2.2,+0.064,-0.970,+0.028,29.16,0.357,0.215,0.213,0.148,0.083
2026-06-05T15:00:06.884,6.885,27,HEAD,Head_main,0x09,2,27,+0.068,-1.006,+0.013,+0.9,-0.8,-3.1,+0.081,-1.028,+0.003,29.15,0.329,0.209,0.227,0.157,0.091
2026-06-05T15:00:07.140,7.140,28,HEAD,Head_main,0x09,2,28,+0.049,-0.980,-0.004,-0.5,+0.3,-5.9,+0.073,-0.940,+0.014,29.08,0.342,0.198,0.212,0.161,0.085
2026-06-05T15:00:07.395,7.395,29,HEAD,Head_main,0x09,2,29,+0.032,-0.993,+0.027,+0.0,-0.1,-6.5,+0.001,-0.952,+0.016,29.17,0.353,0.201,0.199,0.168,0.085
2026-06-05T15:00:07.650,7.650,30,HEAD,Head_main,0x09,2,30,-0.005,-0.988,-0.010,-0.2,+0.2,-1.9,-0.039,-0.984,+0.027,29.01,0.337,0.209,0.207,0.155,0.086
2026-06-05T15:00:07.905,7.905,31,HEAD,Head_main,0x09,2,31,-0.004,-1.009,+0.002,+1.4,-0.6,-3.6,-0.025,-0.993,+0.003,29.15,0.336,0.202,0.213,0.147,0.090
2026-06-05T15:00:08.160,8.160,32,HEAD,Head_main,0x09,2,32,+0.004,-0.994,+0.009,+0.2,+1.0,+1.8,+0.022,-1.001,-0.035,29.07,0.358,0.190,0.207,0.175,0.080
2026-06-05T15:00:08.415,8.415,33,HEAD,Head_main,0x09,2,33,+0.003,-0.995,+0.009,+0.2,+0.6,+2.5,+0.014,-0.941,-0.001,29.10,0.337,0.200,0.207,0.155,0.071
2026-06-05T15:00:08.669,8.670,34,HEAD,Head_main,0x09,2,34,+0.025,-0.986,+0.006,-1.1,+0.6,+5.3,+0.030,-0.977,+0.012,29.09,0.334,0.202,0.206,0.171,0.087
2026-06-05T15:00:08.925,8.925,35,HEAD,Head_main,0x09,2,35,+0.059,-1.009,+0.009,+1.1,+0.0,+3.9,+0.081,-0.994,+0.011,29.14,0.342,0.209,0.188,0.178,0.076
2026-06-05T15:00:09.179,9.180,36,HEAD,Head_main,0x09,2,36,+0.063,-0.989,+0.003,-0.2,-0.7,+2.2,+0.030,-0.958,+0.029,29.11,0.333,0.202,0.199,0.173,0.063
2026-06-05T15:00:09.435,9.435,37,HEAD,Head_main,0x09,2,37,+0.082,-1.006,+0.027,+0.5,+0.3,+0.7,+0.087,-0.987,+0.027,29.09,0.358,0.196,0.208,0.173,0.090
2026-06-05T15:00:09.689,9.690,38,HEAD,Head_main,0x09,2,38,+0.066,-1.006,+0.027,-0.6,+1.3,-0.2,+0.068,-1.015,+0.007,29.08,0.347,0.195,0.196,0.147,0.087
2026-06-05T15:00:09.945,9.945,39,HEAD,Head_main,0x09,2,39,+0.073,-0.984,+0.000,-1.0,-0.4,-3.7,+0.105,-0.995,+0.009,29.05,0.330,0.210,0.193,0.188,0.069
2026-06-05T15:00:10.199,10.200,40,HEAD,Head_main,0x09,2,40,+0.058,-0.965,+0.003,+0.7,-0.3,-4.7,+0.064,-0.952,+0.022,29.11,0.366,0.213,0.153,0.187,0.090
2026-06-05T15:00:10.455,10.455,41,HEAD,Head_main,0x09,2,41,+0.017,-1.001,-0.006,+0.9,+0.4,-4.4,+0.025,-0.936,-0.024,29.08,0.350,0.197,0.165,0.186,0.066
2026-06-05T15:00:10.710,10.710,42,HEAD,Head_main,0x09,2,42,+0.011,-0.975,-0.000,+0.4,+0.3,-2.1,+0.017,-0.946,-0.020,29.15,0.342,0.194,0.189,0.180,0.083
2026-06-05T15:00:10.964,10.965,43,HEAD,Head_main,0x09,2,43,-0.003,-1.002,+0.013,-1.1,-0.2,+2.0,+0.010,-0.971,+0.025,29.09,0.359,0.195,0.183,0.190,0.076
2026-06-05T15:00:11.220,11.220,44,HEAD,Head_main,0x09,2,44,+0.006,-1.024,-0.001,+0.4,-1.0,+3.3,-0.036,-1.018,-0.008,29.03,0.344,0.187,0.198,0.192,0.088
2026-06-05T15:00:11.474,11.475,45,HEAD,Head_main,0x09,2,45,+0.009,-0.982,+0.007,+1.5,-0.4,+4.5,+0.017,-0.952,-0.010,29.08,0.339,0.191,0.162,0.174,0.076
2026-06-05T15:00:11.730,11.730,46,HEAD,Head_main,0x09,2,46,+0.048,-0.999,-0.015,-0.1,+0.7,+4.1,+0.046,-1.003,-0.041,29.07,0.341,0.191,0.176,0.213,0.077
2026-06-05T15:00:11.984,11.985,47,HEAD,Head_main,0x09,2,47,+0.052,-0.996,-0.000,-1.1,+0.4,+4.9,+0.044,-1.000,-0.022,29.04,0.355,0.198,0.177,0.201,0.073
2026-06-05T15:00:12.240,12.240,48,HEAD,Head_main,0x09,2,48,+0.089,-0.994,-0.004,+0.1,+0.8,+2.9,+0.105,-0.981,-0.024,29.00,0.346,0.198,0.167,0.232,0.066
2026-06-05T15:00:12.495,12.495,49,HEAD,Head_main,0x09,2,49,+0.083,-0.997,+0.031,-0.5,-0.1,+0.9,+0.113,-0.967,+0.026,29.10,0.343,0.204,0.171,0.228,0.081
2026-06-05T15:00:12.750,12.750,50,HEAD,Head_main,0x09,2,50,+0.084,-0.987,+0.020,-0.3,-2.4,-3.5,+0.089,-0.964,+0.033,29.12,0.359,0.195,0.182,0.206,0.082
2026-06-05T15:00:13.005,13.005,51,HEAD,Head_main,0x09,2,51,+0.038,-1.018,+0.006,+0.4,+0.8,-5.5,+0.061,-0.987,+0.003,28.97,0.342,0.200,0.148,0.206,0.083
2026-06-05T15:00:13.259,13.260,52,HEAD,Head_main,0x09,2,52,+0.039,-1.008,+0.014,-0.9,-0.6,-5.5,+0.028,-0.998,+0.050,29.05,0.350,0.192,0.151,0.224,0.088
2026-06-05T15:00:13.515,13.515,53,HEAD,Head_main,0x09,2,53,+0.032,-1.021,+0.009,+0.7,+0.0,-3.7,+0.017,-1.004,+0.027,29.02,0.344,0.204,0.153,0.225,0.077
2026-06-05T15:00:13.769,13.770,54,HEAD,Head_main,0x09,2,54,+0.029,-1.005,+0.018,-0.3,+0.2,-2.8,+0.022,-0.956,+0.020,29.05,0.348,0.215,0.168,0.238,0.074
2026-06-05T15:00:14.025,14.025,55,HEAD,Head_main,0x09,2,55,+0.004,-1.022,-0.006,-0.1,-0.0,+0.4,-0.013,-0.964,-0.000,28.94,0.342,0.191,0.169,0.221,0.074
2026-06-05T15:00:14.280,14.280,56,HEAD,Head_main,0x09,2,56,-0.002,-0.978,+0.009,-0.4,-0.8,+2.7,-0.018,-0.936,-0.001,28.99,0.331,0.186,0.157,0.223,0.064
2026-06-05T15:00:14.535,14.535,57,HEAD,Head_main,0x09,2,57,+0.029,-1.014,+0.015,+0.4,-0.6,+5.4,+0.037,-1.006,-0.011,28.97,0.349,0.195,0.146,0.240,0.071
2026-06-05T15:00:14.790,14.790,58,HEAD,Head_main,0x09,2,58,+0.037,-1.003,+0.019,-0.4,-1.5,+5.2,-0.012,-1.001,+0.031,28.92,0.368,0.205,0.142,0.208,0.094
2026-06-05T15:00:15.044,15.045,59,HEAD,Head_main,0x09,2,59,+0.081,-1.006,+0.022,+0.4,-0.2,+3.7,+0.068,-0.959,+0.024,28.98,0.322,0.212,0.153,0.242,0.074
2026-06-05T15:00:15.300,15.300,60,HEAD,Head_main,0x09,2,60,+0.072,-0.992,+0.002,-0.4,+0.7,+2.6,+0.061,-0.953,+0.025,28.93,0.356,0.198,0.148,0.236,0.088
2026-06-05T15:00:15.554,15.555,61,HEAD,Head_main,0x09,2,61,+0.112,-0.995,+0.017,+0.4,+0.0,-2.0,+0.139,-0.948,+0.031,29.00,0.344,0.199,0.154,0.241,0.076
2026-06-05T15:00:15.810,15.810,62,HEAD,Head_main,0x09,2,62,+0.082,-0.991,+0.007,+0.5,+0.5,-4.1,+0.111,-0.957,-0.012,29.01,0.354,0.191,0.145,0.237,0.078
2026-06-05T15:00:16.065,16.065,63,HEAD,Head_main,0x09,2,63,+0.074,-0.992,+0.031,+0.2,-1.5,-4.6,+0.053,-0.978,+0.046,28.91,0.348,0.194,0.160,0.241,0.081
2026-06-05T15:00:16.320,16.320,64,HEAD,Head_main,0x09,2,64,+0.062,-1.002,+0.007,+0.2,+0.9,-5.1,+0.072,-0.988,+0.049,29.02,0.361,0.193,0.142,0.256,0.087
2026-06-05T15:00:16.574,16.575,65,HEAD,Head_main,0x09,2,65,+0.015,-1.010,-0.006,+0.8,-0.4,-3.2,+0.015,-1.008,-0.024,29.01,0.329,0.199,0.150,0.243,0.084
2026-06-05T15:00:16.830,16.830,66,HEAD,Head_main,0x09,2,66,-0.004,-0.989,+0.010,-1.1,-0.4,-1.4,-0.038,-0.978,+0.003,28.95,0.353,0.218,0.137,0.229,0.055
2026-06-05T15:00:17.085,17.085,67,HEAD,Head_main,0x09,2,67,-0.009,-1.037,-0.003,-0.6,-0.3,+0.5,+0.013,-1.023,-0.014,28.97,0.345,0.189,0.154,0.237,0.084
2026-06-05T15:00:17.339,17.340,68,HEAD,Head_main,0x09,2,68,+0.020,-1.006,+0.003,+1.0,-0.4,+4.2,+0.035,-0.963,+0.014,28.94,0.345,0.192,0.144,0.264,0.080
2026-06-05T15:00:17.594,17.595,69,HEAD,Head_main,0x09,2,69,+0.018,-0.985,+0.012,-0.3,+0.2,+3.5,+0.001,-0.961,+0.009,28.98,0.342,0.200,0.153,0.240,0.072
2026-06-05T15:00:17.850,17.850,70,HEAD,Head_main,0x09,2,70,+0.051,-1.007,+0.003,-1.8,-1.9,+5.1,+0.036,-0.996,+0.030,28.99,0.335,0.207,0.128,0.238,0.085
2026-06-05T15:00:18.105,18.105,71,HEAD,Head_main,0x09,2,71,+0.095,-1.020,+0.017,+0.3,-1.4,+4.0,+0.048,-1.019,+0.034,28.99,0.328,0.201,0.134,0.239,0.076
2026-06-05T15:00:18.359,18.360,72,HEAD,Head_main,0x09,2,72,+0.095,-0.980,+0.014,+0.2,-1.0,+3.6,+0.085,-0.988,+0.023,28.99,0.362,0.196,0.152,0.242,0.066
2026-06-05T15:00:18.615,18.615,73,HEAD,Head_main,0x09,2,73,+0.087,-0.991,+0.006,+0.5,-1.2,-2.1,+0.111,-0.958,-0.004,28.92,0.369,0.192,0.130,0.218,0.069
2026-06-05T15:00:18.870,18.870,74,HEAD,Head_main,0x09,2,74,+0.078,-0.992,+0.013,+0.4,-0.4,-3.6,+0.065,-1.007,-0.002,28.92,0.363,0.204,0.150,0.230,0.072
2026-06-05T15:00:19.125,19.125,75,HEAD,Head_main,0x09,2,75,+0.065,-0.975,+0.012,+0.5,+0.0,-3.6,+0.054,-0.964,-0.045,28.88,0.359,0.188,0.153,0.217,0.084
2026-06-05T15:00:19.379,19.380,76,HEAD,Head_main,0x09,2,76,+0.031,-1.000,+0.017,-0.4,+0.4,-6.5,+0.015,-0.986,+0.020,28.94,0.357,0.204,0.140,0.242,0.074
2026-06-05T15:00:19.635,19.635,77,HEAD,Head_main,0x09,2,77,+0.006,-1.000,+0.005,-0.5,-0.7,-3.8,-0.017,-0.974,+0.019,28.91,0.361,0.197,0.129,0.269,0.094
2026-06-05T15:00:19.890,19.890,78,HEAD,Head_main,0x09,2,78,+0.013,-1.014,+0.006,-0.3,+0.2,-1.6,+0.027,-1.036,-0.013,28.89,0.348,0.209,0.149,0.233,0.074
2026-06-05T15:00:20.144,20.145,79,HEAD,Head_main,0x09,2,79,+0.015,-0.990,+0.002,+0.4,-1.9,-0.3,+0.051,-0.950,+0.030,28.91,0.368,0.192,0.145,0.241,0.077
2026-06-05T15:00:20.399,20.400,80,HEAD,Head_main,0x09,2,80,+0.009,-0.999,-0.005,-0.7,+0.7,+3.0,+0.016,-0.954,+0.010,28.89,0.343,0.206,0.139,0.238,0.087
2026-06-05T15:00:20.655,20.655,81,HEAD,Head_main,0x09,2,81,+0.024,-0.993,-0.014,+1.0,+1.5,+5.1,+0.027,-0.986,+0.012,28.89,0.348,0.197,0.124,0.239,0.088
2026-06-05T15:00:20.910,20.910,82,HEAD,Head_main,0x09,2,82,+0.073,-1.003,+0.023,-1.5,-0.1,+6.1,+0.042,-0.980,-0.004,28.92,0.360,0.208,0.128,0.251,0.103
2026-06-05T15:00:21.164,21.165,83,HEAD,Head_main,0x09,2,83,+0.072,-0.991,+0.025,-0.6,+0.7,+3.0,+0.076,-0.990,-0.005,28.94,0.371,0.177,0.158,0.261,0.087
2026-06-05T15:00:21.420,21.420,84,HEAD,Head_main,0x09,2,84,+0.091,-0.996,+0.018,-0.2,-0.4,-0.7,+0.096,-0.964,+0.031,28.90,0.352,0.207,0.155,0.227,0.061
2026-06-05T15:00:21.675,21.675,85,HEAD,Head_main,0x09,2,85,+0.079,-1.021,+0.026,-1.3,+0.9,-2.0,+0.083,-0.992,+0.023,28.86,0.351,0.203,0.154,0.237,0.092
2026-06-05T15:00:21.929,21.930,86,HEAD,Head_main,0x09,2,86,+0.066,-1.006,+0.017,-1.2,-1.5,-3.7,+0.053,-0.993,+0.039,28.94,0.337,0.206,0.152,0.259,0.074
2026-06-05T15:00:22.184,22.185,87,HEAD,Head_main,0x09,2,87,+0.057,-1.017,+0.007,+0.1,-1.1,-5.1,+0.086,-1.004,-0.032,28.89,0.359,0.194,0.139,0.259,0.090
2026-06-05T15:00:22.440,22.440,88,HEAD,Head_main,0x09,2,88,+0.031,-0.991,+0.001,-0.3,+0.2,-4.4,+0.027,-0.975,+0.027,28.86,0.349,0.201,0.160,0.242,0.091
2026-06-05T15:00:22.695,22.695,89,HEAD,Head_main,0x09,2,89,+0.031,-1.035,+0.024,-0.4,+0.4,-4.4,+0.020,-0.999,+0.043,28.94,0.342,0.193,0.148,0.234,0.081
2026-06-05T15:00:22.949,22.950,90,HEAD,Head_main,0x09,2,90,+0.009,-0.987,-0.013,+1.4,-0.8,-1.2,+0.012,-0.976,-0.002,28.93,0.359,0.198,0.164,0.230,0.069
2026-06-05T15:00:23.205,23.205,91,HEAD,Head_main,0x09,2,91,-0.015,-1.019,+0.015,+1.0,-1.6,+2.1,-0.022,-1.039,+0.020,28.88,0.367,0.196,0.149,0.233,0.066
2026-06-05T15:00:23.460,23.460,92,HEAD,Head_main,0x09,2,92,+0.011,-0.989,+0.014,+0.0,-2.1,+2.7,-0.016,-1.015,-0.008,28.93,0.349,0.208,0.135,0.248,0.069
2026-06-05T15:00:23.714,23.715,93,HEAD,Head_main,0x09,2,93,+0.037,-1.001,+0.013,-1.3,+0.3,+5.2,+0.023,-0.974,-0.003,28.90,0.339,0.199,0.134,0.234,0.093
2026-06-05T15:00:23.969,23.970,94,HEAD,Head_main,0x09,2,94,+0.030,-0.997,-0.001,+0.9,-0.3,+4.6,+0.019,-0.970,+0.012,28.90,0.344,0.229,0.110,0.246,0.062
2026-06-05T15:00:24.225,24.225,95,HEAD,Head_main,0x09,2,95,+0.071,-1.005,+0.029,-1.0,-0.7,+3.1,+0.053,-0.979,+0.029,28.90,0.358,0.206,0.160,0.227,0.072
2026-06-05T15:00:24.480,24.480,96,HEAD,Head_main,0x09,2,96,+0.097,-0.983,+0.027,+1.1,-0.7,+1.3,+0.094,-0.951,+0.005,28.97,0.359,0.199,0.141,0.228,0.078
2026-06-05T15:00:24.734,24.735,97,HEAD,Head_main,0x09,2,97,+0.080,-0.975,+0.034,+1.2,-0.3,-0.8,+0.102,-0.973,+0.011,28.94,0.326,0.201,0.142,0.241,0.077
2026-06-05T15:00:24.990,24.990,98,HEAD,Head_main,0x09,2,98,+0.079,-1.004,+0.007,-0.4,+1.5,-3.5,+0.056,-0.950,+0.026,28.92,0.366,0.206,0.132,0.237,0.078
2026-06-05T15:00:25.245,25.245,99,HEAD,Head_main,0x09,2,99,+0.036,-0.992,+0.010,-0.1,+0.1,-3.8,+0.038,-0.963,+0.013,28.98,0.346,0.206,0.156,0.252,0.087
2026-06-05T15:00:25.500,25.500,100,HEAD,Head_main,0x09,2,100,+0.020,-0.995,-0.024,+0.4,+0.7,-3.3,+0.021,-0.995,-0.056,28.91,0.355,0.195,0.143,0.225,0.087
2026-06-05T15:00:25.754,25.755,101,HEAD,Head_main,0x09,2,101,-0.007,-1.006,+0.010,+0.5,-0.1,-2.6,+0.003,-0.962,-0.010,28.89,0.345,0.214,0.166,0.225,0.073
2026-06-05T15:00:26.010,26.010,102,HEAD,Head_main,0x09,2,102,+0.001,-1.005,-0.008,+0.2,+1.8,+0.0,-0.005,-1.002,-0.013,28.93,0.346,0.205,0.150,0.235,0.078
2026-06-05T15:00:26.265,26.265,103,HEAD,Head_main,0x09,2,103,+0.003,-1.016,-0.019,-1.1,+0.0,+3.2,-0.012,-1.016,-0.020,28.89,0.323,0.219,0.154,0.249,0.080
2026-06-05T15:00:26.519,26.520,104,HEAD,Head_main,0x09,2,104,+0.042,-0.996,-0.004,-1.1,-0.1,+3.3,+0.055,-0.953,+0.010,28.93,0.361,0.210,0.137,0.252,0.084
2026-06-05T15:00:26.775,26.775,105,HEAD,Head_main,0x09,2,105,+0.051,-1.005,+0.020,-2.2,-0.1,+6.2,+0.071,-0.949,+0.034,28.91,0.352,0.209,0.128,0.248,0.081
2026-06-05T15:00:27.030,27.030,106,HEAD,Head_main,0x09,2,106,+0.079,-0.984,+0.029,-0.2,+1.1,+2.8,+0.052,-0.994,+0.077,28.98,0.350,0.199,0.112,0.241,0.088
2026-06-05T15:00:27.285,27.285,107,HEAD,Head_main,0x09,2,107,+0.096,-0.999,+0.023,-0.1,-1.3,+3.0,+0.088,-0.976,+0.030,28.99,0.346,0.218,0.144,0.234,0.090
2026-06-05T15:00:27.539,27.540,108,HEAD,Head_main,0x09,2,108,+0.088,-0.981,+0.023,+0.1,+0.5,-0.8,+0.096,-0.962,+0.007,28.90,0.348,0.211,0.149,0.238,0.078
2026-06-05T15:00:27.795,27.795,109,HEAD,Head_main,0x09,2,109,+0.101,-1.004,+0.023,+0.4,-0.4,-4.3,+0.123,-0.974,+0.001,28.88,0.328,0.191,0.148,0.220,0.090
2026-06-05T15:00:28.050,28.050,110,HEAD,Head_main,0x09,2,110,+0.057,-0.984,+0.018,-0.6,+0.4,-6.2,+0.078,-0.962,+0.023,28.91,0.345,0.201,0.152,0.248,0.085
2026-06-05T15:00:28.304,28.305,111,HEAD,Head_main,0x09,2,111,+0.046,-0.992,-0.008,-1.1,-0.2,-5.8,+0.019,-1.003,-0.011,28.93,0.357,0.226,0.142,0.248,0.093
2026-06-05T15:00:28.560,28.560,112,HEAD,Head_main,0x09,2,112,+0.016,-0.976,-0.002,+0.2,-0.7,-4.9,+0.009,-0.953,-0.011,28.92,0.354,0.205,0.147,0.247,0.082
2026-06-05T15:00:28.815,28.815,113,HEAD,Head_main,0x09,2,113,-0.001,-1.004,+0.005,+0.3,-0.4,-1.3,-0.049,-0.947,-0.019,28.93,0.341,0.212,0.139,0.258,0.077
2026-06-05T15:00:29.070,29.070,114,HEAD,Head_main,0x09,2,114,+0.016,-0.985,+0.001,+1.4,-0.7,-1.4,+0.017,-0.975,-0.019,28.99,0.347,0.213,0.139,0.225,0.068
2026-06-05T15:00:29.324,29.325,115,HEAD,Head_main,0x09,2,115,+0.035,-0.994,+0.002,-0.6,+1.0,+3.7,+0.069,-0.965,-0.012,28.99,0.338,0.190,0.134,0.231,0.107
2026-06-05T15:00:29.580,29.580,116,HEAD,Head_main,0x09,2,116,+0.024,-0.975,-0.004,+1.7,+2.0,+5.8,-0.011,-0.985,-0.051,29.07,0.348,0.213,0.134,0.250,0.095
2026-06-05T15:00:29.835,29.835,117,HEAD,Head_main,0x09,2,117,+0.051,-1.013,+0.014,-0.5,+0.6,+4.4,+0.052,-0.981,+0.002,29.03,0.341,0.176,0.139,0.255,0.090
2026-06-05T15:00:30.089,30.090,118,HEAD,Head_main,0x09,2,118,+0.071,-1.019,+0.009,+0.4,+1.2,+4.5,+0.068,-0.992,-0.013,29.02,0.337,0.199,0.152,0.244,0.084
2026-06-05T15:00:30.344,30.345,119,HEAD,Head_main,0x09,2,119,+0.089,-1.007,+0.017,+0.6,+0.8,+1.2,+0.081,-0.998,-0.050,29.03,0.335,0.208,0.124,0.243,0.065
2026-06-05T15:00:30.600,30.600,120,HEAD,Head_main,0x09,2,120,+0.091,-0.976,+0.026,-0.0,-0.6,-1.5,+0.074,-0.932,+0.041,29.00,0.348,0.219,0.144,0.229,0.079
2026-06-05T15:00:30.855,30.855,121,HEAD,Head_main,0x09,2,121,+0.065,-0.978,+0.045,-0.1,+0.2,-4.3,+0.053,-0.935,+0.036,29.06,0.345,0.206,0.141,0.229,0.072
2026-06-05T15:00:31.109,31.110,122,HEAD,Head_main,0x09,2,122,+0.043,-0.987,+0.019,-0.1,-1.2,-4.6,+0.048,-0.976,+0.062,29.03,0.357,0.197,0.134,0.234,0.075
2026-06-05T15:00:31.365,31.365,123,HEAD,Head_main,0x09,2,123,+0.039,-1.010,+0.004,-0.4,+0.5,-4.4,+0.056,-1.020,+0.000,29.03,0.355,0.182,0.144,0.246,0.086
2026-06-05T15:00:31.620,31.620,124,HEAD,Head_main,0x09,2,124,+0.011,-0.991,-0.004,-0.9,+1.8,-4.1,+0.006,-0.973,-0.023,29.05,0.337,0.200,0.128,0.233,0.066
2026-06-05T15:00:31.875,31.875,125,HEAD,Head_main,0x09,2,125,-0.005,-1.006,+0.002,-0.6,+0.3,-0.7,-0.008,-1.003,-0.017,29.07,0.335,0.191,0.152,0.254,0.083
2026-06-05T15:00:32.130,32.130,126,HEAD,Head_main,0x09,2,126,+0.012,-0.986,-0.017,-0.8,+0.7,+1.6,+0.034,-0.985,-0.012,29.08,0.359,0.212,0.149,0.233,0.098
2026-06-05T15:00:32.384,32.385,127,HEAD,Head_main,0x09,2,127,+0.026,-1.018,+0.020,-0.3,+0.5,+2.5,-0.002,-0.992,+0.053,28.97,0.338,0.193,0.151,0.255,0.083
2026-06-05T15:00:32.640,32.640,128,HEAD,Head_main,0x09,2,128,+0.033,-1.002,-0.010,+0.0,-1.2,+5.0,+0.045,-0.985,+0.020,28.96,0.345,0.213,0.151,0.231,0.069
2026-06-05T15:00:32.895,32.895,129,HEAD,Head_main,0x09,2,129,+0.074,-0.991,-0.008,+0.3,-0.6,+3.5,+0.089,-0.996,-0.016,29.06,0.348,0.197,0.136,0.222,0.089
2026-06-05T15:00:33.149,33.150,130,HEAD,Head_main,0x09,2,130,+0.047,-1.014,+0.007,-0.8,+0.8,+4.2,+0.069,-1.005,+0.009,29.04,0.360,0.207,0.132,0.225,0.087
2026-06-05T15:00:33.405,33.405,131,HEAD,Head_main,0x09,2,131,+0.076,-1.015,-0.003,+2.0,+0.2,+0.6,+0.066,-1.021,+0.006,29.03,0.351,0.184,0.149,0.242,0.090
2026-06-05T15:00:33.660,33.660,132,HEAD,Head_main,0x09,2,132,+0.084,-1.006,+0.020,+0.2,-0.8,-1.3,+0.081,-0.972,+0.040,29.12,0.339,0.198,0.130,0.245,0.080
2026-06-05T15:00:33.914,33.915,133,HEAD,Head_main,0x09,2,133,+0.077,-1.010,+0.004,+0.2,+0.1,-4.5,+0.046,-0.988,+0.014,29.05,0.350,0.193,0.131,0.247,0.071
2026-06-05T15:00:34.170,34.170,134,HEAD,Head_main,0x09,2,134,+0.043,-0.997,+0.032,-0.1,+0.9,-5.9,+0.026,-1.011,+0.030,29.14,0.343,0.180,0.140,0.233,0.084
2026-06-05T15:00:34.424,34.425,135,HEAD,Head_main,0x09,2,135,+0.035,-1.011,-0.003,+0.7,+0.1,-3.8,+0.003,-1.030,+0.005,29.07,0.375,0.207,0.161,0.236,0.078
2026-06-05T15:00:34.679,34.680,136,HEAD,Head_main,0x09,2,136,+0.019,-1.001,+0.018,+0.1,+0.4,-2.7,+0.020,-0.992,+0.031,29.13,0.343,0.192,0.146,0.218,0.083
2026-06-05T15:00:34.935,34.935,137,HEAD,Head_main,0x09,2,137,+0.001,-1.001,-0.007,+0.8,-0.5,-1.8,-0.005,-0.955,+0.012,29.09,0.329,0.191,0.135,0.222,0.070
2026-06-05T15:00:35.189,35.190,138,HEAD,Head_main,0x09,2,138,-0.013,-1.009,-0.021,+0.4,-0.7,-0.4,-0.012,-0.984,-0.031,29.03,0.378,0.188,0.151,0.238,0.077
2026-06-05T15:00:35.445,35.445,139,HEAD,Head_main,0x09,2,139,-0.005,-1.008,+0.001,+0.8,-0.5,+1.4,+0.011,-0.985,-0.007,29.07,0.358,0.202,0.144,0.241,0.082
2026-06-05T15:00:35.700,35.700,140,HEAD,Head_main,0x09,2,140,+0.002,-1.000,+0.002,+0.7,+1.0,-0.1,-0.016,-1.024,-0.043,29.13,0.349,0.207,0.138,0.232,0.076
2026-06-05T15:00:35.954,35.955,141,HEAD,Head_main,0x09,2,141,-0.005,-1.014,-0.002,+0.4,+0.9,-0.1,-0.034,-0.986,-0.012,29.11,0.365,0.202,0.167,0.250,0.079
2026-06-05T15:00:36.210,36.210,142,HEAD,Head_main,0x09,2,142,-0.003,-1.018,-0.017,+1.2,-0.4,-0.2,-0.026,-1.031,+0.016,29.13,0.362,0.201,0.160,0.232,0.088
2026-06-05T15:00:36.465,36.465,143,HEAD,Head_main,0x09,2,143,-0.004,-0.984,-0.011,+0.4,-0.0,+1.3,+0.029,-0.963,+0.016,29.05,0.338,0.205,0.129,0.231,0.075
2026-06-05T15:00:36.719,36.720,144,HEAD,Head_main,0x09,2,144,-0.007,-0.994,-0.009,+0.8,+0.0,+0.1,+0.004,-0.975,+0.022,29.14,0.356,0.204,0.156,0.233,0.078
2026-06-05T15:00:36.975,36.975,145,HEAD,Head_main,0x09,2,145,+0.014,-1.002,-0.023,+1.5,+0.1,-0.4,+0.012,-0.993,-0.043,29.10,0.366,0.198,0.148,0.235,0.074
2026-06-05T15:00:37.230,37.230,146,HEAD,Head_main,0x09,2,146,-0.018,-0.992,-0.006,-0.8,+0.9,-0.1,-0.010,-0.981,+0.002,29.11,0.363,0.190,0.148,0.232,0.083
2026-06-05T15:00:37.484,37.485,147,HEAD,Head_main,0x09,2,147,-0.005,-0.999,+0.022,+0.3,+0.1,+0.6,+0.004,-0.970,+0.010,29.09,0.361,0.192,0.134,0.240,0.075
2026-06-05T15:00:37.740,37.740,148,HEAD,Head_main,0x09,2,148,-0.019,-0.994,+0.004,+0.2,-2.7,-1.7,-0.035,-0.941,+0.010,29.10,0.352,0.192,0.150,0.255,0.068
2026-06-05T15:00:37.994,37.995,149,HEAD,Head_main,0x09,2,149,+0.002,-0.993,-0.010,+0.5,+1.1,-0.4,-0.001,-0.945,+0.021,29.03,0.342,0.191,0.144,0.222,0.084
2026-06-05T15:00:38.250,38.250,150,HEAD,Head_main,0x09,2,150,-0.009,-0.999,+0.003,-1.1,+0.3,-1.6,+0.002,-0.959,+0.029,29.03,0.356,0.170,0.162,0.227,0.067
2026-06-05T15:00:38.505,38.505,151,HEAD,Head_main,0x09,2,151,-0.004,-0.991,-0.004,-0.8,-0.9,-0.4,-0.003,-0.958,-0.020,29.11,0.336,0.206,0.147,0.243,0.070
2026-06-05T15:00:38.759,38.760,152,HEAD,Head_main,0x09,2,152,-0.014,-0.993,-0.020,+0.6,+0.5,+1.2,-0.021,-0.972,-0.045,29.14,0.343,0.210,0.142,0.237,0.084
2026-06-05T15:00:39.015,39.015,153,HEAD,Head_main,0x09,2,153,-0.001,-1.006,-0.002,-0.2,-0.3,-0.6,-0.016,-0.989,-0.020,29.14,0.352,0.204,0.146,0.247,0.084
2026-06-05T15:00:39.270,39.270,154,HEAD,Head_main,0x09,2,154,-0.011,-0.991,-0.016,+1.0,+0.0,-1.0,-0.001,-0.989,-0.047,29.05,0.353,0.200,0.142,0.233,0.086
2026-06-05T15:00:39.524,39.525,155,HEAD,Head_main,0x09,2,155,+0.019,-0.995,-0.001,+0.8,-0.5,+0.1,+0.020,-0.971,+0.004,29.11,0.337,0.205,0.138,0.240,0.081
2026-06-05T15:00:39.780,39.780,156,HEAD,Head_main,0x09,2,156,-0.011,-0.998,-0.002,+0.1,-0.3,+1.1,+0.011,-0.957,+0.028,29.10,0.363,0.200,0.152,0.246,0.079
2026-06-05T15:00:40.035,40.035,157,HEAD,Head_main,0x09,2,157,+0.009,-1.003,-0.011,-1.2,+0.7,-0.3,+0.011,-0.991,-0.027,29.18,0.354,0.195,0.166,0.226,0.075
2026-06-05T15:00:40.289,40.290,158,HEAD,Head_main,0x09,2,158,+0.004,-1.020,+0.026,+0.8,+0.0,+0.4,-0.004,-0.989,+0.010,29.08,0.341,0.187,0.154,0.231,0.077
2026-06-05T15:00:40.545,40.545,159,HEAD,Head_main,0x09,2,159,+0.009,-1.016,+0.004,+1.3,+0.6,-0.4,+0.005,-0.990,+0.045,29.01,0.362,0.191,0.157,0.234,0.079
2026-06-05T15:00:40.799,40.800,160,HEAD,Head_main,0x09,2,160,-0.008,-1.002,+0.013,+0.4,+1.2,+1.4,-0.010,-0.993,+0.014,29.11,0.340,0.198,0.154,0.235,0.074
2026-06-05T15:00:41.054,41.055,161,HEAD,Head_main,0x09,2,161,+0.019,-1.010,+0.005,+1.2,+0.5,+0.6,+0.031,-0.984,-0.014,29.09,0.342,0.201,0.146,0.247,0.073
2026-06-05T15:00:41.310,41.310,162,HEAD,Head_main,0x09,2,162,-0.006,-1.018,+0.005,+0.1,+1.0,-0.8,-0.013,-1.016,-0.026,29.05,0.349,0.195,0.164,0.217,0.077
2026-06-05T15:00:41.564,41.565,163,HEAD,Head_main,0x09,2,163,-0.004,-1.022,-0.018,+0.0,+0.1,-0.7,-0.005,-0.987,-0.029,29.08,0.363,0.185,0.154,0.219,0.075
2026-06-05T15:00:41.820,41.820,164,HEAD,Head_main,0x09,2,164,+0.015,-0.985,+0.008,-0.3,-0.3,-0.4,+0.030,-0.980,-0.009,29.02,0.350,0.203,0.149,0.217,0.069
2026-06-05T15:00:42.075,42.075,165,HEAD,Head_main,0x09,2,165,+0.000,-0.993,-0.016,-1.2,-1.0,+0.5,+0.008,-0.994,-0.002,29.02,0.354,0.209,0.156,0.217,0.073
2026-06-05T15:00:42.329,42.330,166,HEAD,Head_main,0x09,2,166,+0.011,-1.002,+0.002,+0.1,+0.2,+0.5,-0.013,-0.985,-0.004,29.01,0.338,0.188,0.161,0.227,0.077
2026-06-05T15:00:42.585,42.585,167,HEAD,Head_main,0x09,2,167,-0.002,-1.016,-0.004,-0.8,-0.2,-0.4,-0.005,-0.988,-0.006,29.09,0.355,0.194,0.162,0.226,0.078
2026-06-05T15:00:42.840,42.840,168,HEAD,Head_main,0x09,2,168,+0.007,-0.996,+0.025,-0.3,+2.0,+1.2,+0.042,-0.978,-0.003,28.99,0.327,0.186,0.156,0.220,0.069
2026-06-05T15:00:43.094,43.095,169,HEAD,Head_main,0x09,2,169,+0.011,-0.997,-0.013,+1.2,+0.6,-0.0,-0.020,-1.008,+0.022,29.03,0.350,0.206,0.167,0.197,0.082
2026-06-05T15:00:43.350,43.350,170,HEAD,Head_main,0x09,2,170,-0.003,-1.000,+0.010,-0.0,-0.7,+0.9,-0.012,-0.979,-0.012,29.10,0.348,0.190,0.160,0.217,0.079
2026-06-05T15:00:43.605,43.605,171,HEAD,Head_main,0x09,2,171,+0.005,-0.976,+0.013,-0.5,-0.7,-1.4,-0.004,-0.951,-0.025,28.98,0.346,0.187,0.146,0.208,0.084
2026-06-05T15:00:43.859,43.860,172,HEAD,Head_main,0x09,2,172,+0.018,-0.991,+0.001,+0.5,-0.0,+0.6,-0.011,-0.959,-0.047,29.02,0.354,0.199,0.179,0.219,0.069
2026-06-05T15:00:44.115,44.115,173,HEAD,Head_main,0x09,2,173,+0.029,-1.004,+0.004,+0.0,+0.2,-0.6,+0.035,-1.007,-0.048,28.96,0.321,0.198,0.157,0.199,0.082
2026-06-05T15:00:44.369,44.370,174,HEAD,Head_main,0x09,2,174,-0.015,-0.994,+0.012,+0.6,-0.9,+0.0,+0.017,-0.973,-0.027,29.00,0.344,0.208,0.184,0.205,0.081
2026-06-05T15:00:44.625,44.625,175,HEAD,Head_main,0x09,2,175,+0.011,-1.002,+0.014,+0.3,-0.4,+0.4,+0.034,-0.985,+0.018,29.04,0.381,0.191,0.148,0.211,0.077
2026-06-05T15:00:44.880,44.880,176,HEAD,Head_main,0x09,2,176,+0.023,-1.006,+0.016,+0.6,-0.2,+1.8,+0.032,-1.000,+0.017,28.96,0.365,0.200,0.171,0.217,0.101
2026-06-05T15:00:45.134,45.135,177,HEAD,Head_main,0x09,2,177,+0.003,-1.003,-0.008,-0.7,-0.3,+0.1,+0.014,-0.949,+0.001,29.09,0.346,0.210,0.176,0.211,0.084
2026-06-05T15:00:45.390,45.390,178,HEAD,Head_main,0x09,2,178,+0.018,-0.989,+0.008,+0.2,+1.5,+0.3,+0.017,-0.961,-0.009,29.01,0.342,0.195,0.162,0.220,0.074
2026-06-05T15:00:45.645,45.645,179,HEAD,Head_main,0x09,2,179,+0.003,-1.000,-0.016,-0.8,-0.5,+0.1,-0.031,-0.981,-0.008,28.95,0.346,0.202,0.163,0.214,0.084
2026-06-05T15:00:45.899,45.900,180,HEAD,Head_main,0x09,2,180,+0.005,-0.984,-0.014,+0.7,-0.1,+0.7,-0.008,-0.954,-0.030,28.96,0.364,0.175,0.192,0.188,0.086
2026-06-05T15:00:46.155,46.155,181,HEAD,Head_main,0x09,2,181,-0.003,-0.982,-0.001,-1.0,-0.5,+1.4,+0.017,-0.966,+0.066,29.03,0.344,0.195,0.174,0.207,0.065
2026-06-05T15:00:46.410,46.410,182,HEAD,Head_main,0x09,2,182,+0.005,-0.972,+0.002,+0.3,-1.1,-0.4,+0.023,-0.940,+0.007,28.95,0.325,0.202,0.188,0.196,0.073
2026-06-05T15:00:46.664,46.665,183,HEAD,Head_main,0x09,2,183,-0.001,-1.008,+0.013,+0.2,+0.7,+0.5,+0.013,-0.983,+0.010,28.99,0.362,0.212,0.181,0.214,0.077
2026-06-05T15:00:46.920,46.920,184,HEAD,Head_main,0x09,2,184,-0.024,-1.009,-0.007,+1.3,+0.3,-0.6,-0.067,-0.987,+0.020,29.00,0.352,0.192,0.177,0.195,0.079
2026-06-05T15:00:47.175,47.175,185,HEAD,Head_main,0x09,2,185,-0.016,-0.994,+0.013,+0.5,+0.1,+0.6,+0.015,-1.001,+0.002,28.91,0.342,0.200,0.176,0.185,0.089
2026-06-05T15:00:47.429,47.430,186,HEAD,Head_main,0x09,2,186,-0.004,-0.991,-0.012,-0.7,+0.2,+0.1,-0.012,-0.934,-0.003,28.92,0.326,0.199,0.191,0.195,0.094
2026-06-05T15:00:47.685,47.685,187,HEAD,Head_main,0x09,2,187,-0.017,-0.990,-0.005,+1.2,-0.8,-0.7,-0.027,-0.973,+0.008,28.96,0.362,0.193,0.187,0.202,0.090
2026-06-05T15:00:47.939,47.940,188,HEAD,Head_main,0x09,2,188,+0.008,-0.985,+0.013,+0.9,+0.2,-0.7,+0.009,-0.976,+0.011,28.94,0.358,0.179,0.193,0.194,0.075
2026-06-05T15:00:48.195,48.195,189,HEAD,Head_main,0x09,2,189,+0.009,-1.012,+0.001,-1.1,-0.6,+1.4,+0.033,-0.972,-0.008,28.97,0.366,0.217,0.181,0.186,0.100
2026-06-05T15:00:48.450,48.450,190,HEAD,Head_main,0x09,2,190,+0.001,-0.993,-0.034,-0.3,-1.4,+0.0,+0.012,-0.931,-0.048,28.91,0.342,0.189,0.183,0.203,0.091
2026-06-05T15:00:48.704,48.705,191,HEAD,Head_main,0x09,2,191,+0.029,-1.000,+0.005,+0.6,-0.2,+0.2,-0.003,-0.983,-0.006,28.94,0.342,0.214,0.201,0.201,0.093
2026-06-05T15:00:48.960,48.960,192,HEAD,Head_main,0x09,2,192,+0.004,-1.001,-0.002,+0.8,-0.3,-0.2,+0.028,-1.003,+0.035,28.98,0.359,0.200,0.165,0.197,0.070
2026-06-05T15:00:49.215,49.215,193,HEAD,Head_main,0x09,2,193,+0.010,-0.997,+0.002,-0.9,-0.1,-1.3,-0.016,-1.009,-0.008,28.91,0.350,0.197,0.188,0.177,0.058
2026-06-05T15:00:49.469,49.470,194,HEAD,Head_main,0x09,2,194,-0.014,-0.983,+0.007,-0.9,+1.4,+0.6,+0.022,-0.976,+0.068,28.95,0.350,0.193,0.173,0.193,0.090
2026-06-05T15:00:49.725,49.725,195,HEAD,Head_main,0x09,2,195,-0.013,-0.994,-0.014,-0.9,-0.4,-0.2,-0.008,-0.982,+0.003,28.88,0.352,0.211,0.204,0.189,0.090
2026-06-05T15:00:49.980,49.980,196,HEAD,Head_main,0x09,2,196,+0.016,-1.000,+0.004,+1.1,+1.0,+0.3,+0.020,-0.986,+0.004,28.91,0.351,0.209,0.184,0.170,0.076
2026-06-05T15:00:50.234,50.235,197,HEAD,Head_main,0x09,2,197,-0.012,-1.009,-0.005,-0.7,+0.1,+2.4,-0.014,-0.943,+0.008,28.86,0.331,0.205,0.185,0.178,0.082
2026-06-05T15:00:50.490,50.490,198,HEAD,Head_main,0x09,2,198,+0.006,-0.996,-0.008,+0.4,+0.1,+0.1,-0.008,-0.986,+0.009,28.88,0.350,0.198,0.185,0.180,0.088
2026-06-05T15:00:50.744,50.745,199,HEAD,Head_main,0x09,2,199,+0.004,-0.981,+0.007,-0.7,+0.3,-1.1,-0.009,-0.968,-0.030,28.85,0.350,0.193,0.183,0.165,0.088
2026-06-05T15:00:51.000,51.000,200,HEAD,Head_main,0x09,2,200,+0.011,-0.992,-0.002,+0.4,-2.5,-1.0,+0.021,-0.966,-0.039,28.94,0.353,0.202,0.210,0.185,0.085
2026-06-05T15:00:51.255,51.255,201,HEAD,Head_main,0x09,2,201,+0.000,-1.007,-0.013,-0.4,-1.5,-1.4,-0.009,-0.981,-0.004,28.89,0.345,0.193,0.209,0.182,0.092
2026-06-05T15:00:51.509,51.510,202,HEAD,Head_main,0x09,2,202,+0.018,-0.993,+0.006,+0.4,-0.0,+0.1,+0.048,-0.983,+0.013,28.89,0.375,0.198,0.197,0.168,0.084
2026-06-05T15:00:51.765,51.765,203,HEAD,Head_main,0x09,2,203,-0.010,-1.000,-0.009,+0.7,+0.1,+0.3,-0.023,-1.007,-0.030,28.87,0.349,0.211,0.191,0.187,0.099
2026-06-05T15:00:52.020,52.020,204,HEAD,Head_main,0x09,2,204,+0.006,-0.993,-0.002,+0.3,+0.1,-0.3,+0.046,-0.987,-0.013,28.97,0.353,0.210,0.203,0.160,0.069
2026-06-05T15:00:52.274,52.275,205,HEAD,Head_main,0x09,2,205,+0.005,-1.004,-0.037,-0.7,-0.8,-0.7,-0.062,-0.986,-0.036,28.90,0.359,0.206,0.187,0.156,0.066
2026-06-05T15:00:52.530,52.530,206,HEAD,Head_main,0x09,2,206,+0.004,-0.999,-0.023,+0.4,-0.4,+0.8,+0.022,-0.966,-0.016,28.90,0.346,0.187,0.216,0.176,0.074
2026-06-05T15:00:52.785,52.785,207,HEAD,Head_main,0x09,2,207,+0.022,-0.991,+0.001,-1.4,+0.4,+1.4,+0.048,-0.953,-0.006,28.92,0.341,0.212,0.212,0.167,0.077
2026-06-05T15:00:53.039,53.040,208,HEAD,Head_main,0x09,2,208,+0.004,-0.981,-0.001,-0.9,-0.3,+0.4,+0.034,-0.980,-0.044,28.85,0.343,0.190,0.211,0.174,0.095
2026-06-05T15:00:53.295,53.295,209,HEAD,Head_main,0x09,2,209,-0.002,-0.974,+0.033,-1.7,-0.2,+1.8,+0.004,-0.950,+0.013,28.86,0.354,0.207,0.222,0.156,0.081
2026-06-05T15:00:53.550,53.550,210,HEAD,Head_main,0x09,2,210,+0.025,-1.003,+0.001,+0.5,-0.2,+0.1,+0.039,-0.935,-0.027,28.96,0.340,0.180,0.189,0.157,0.102
2026-06-05T15:00:53.804,53.805,211,HEAD,Head_main,0x09,2,211,-0.007,-1.009,-0.015,+1.0,-0.4,-2.1,-0.011,-0.958,-0.013,28.94,0.352,0.168,0.213,0.152,0.054
2026-06-05T15:00:54.060,54.060,212,HEAD,Head_main,0x09,2,212,+0.013,-1.005,-0.001,-0.7,+0.4,-0.3,-0.006,-0.980,-0.008,28.82,0.328,0.200,0.220,0.165,0.077
2026-06-05T15:00:54.314,54.315,213,HEAD,Head_main,0x09,2,213,-0.004,-0.997,-0.001,-1.4,-0.2,+1.4,+0.020,-0.993,+0.020,28.91,0.349,0.209,0.231,0.156,0.058
2026-06-05T15:00:54.570,54.570,214,HEAD,Head_main,0x09,2,214,+0.015,-1.017,-0.017,-0.3,-1.8,+0.1,+0.024,-0.970,-0.022,28.94,0.357,0.204,0.211,0.133,0.069
2026-06-05T15:00:54.825,54.825,215,HEAD,Head_main,0x09,2,215,+0.010,-0.996,+0.011,-0.2,+1.9,-0.9,-0.004,-0.982,-0.018,28.93,0.348,0.199,0.208,0.154,0.064
2026-06-05T15:00:55.079,55.080,216,HEAD,Head_main,0x09,2,216,-0.005,-1.000,+0.022,+0.2,-0.9,+0.3,-0.040,-0.996,+0.053,28.90,0.334,0.198,0.219,0.158,0.077
2026-06-05T15:00:55.335,55.335,217,HEAD,Head_main,0x09,2,217,+0.021,-0.975,-0.010,-0.8,+0.6,+2.0,+0.041,-0.950,-0.049,28.84,0.348,0.201,0.204,0.145,0.090
2026-06-05T15:00:55.590,55.590,218,HEAD,Head_main,0x09,2,218,-0.004,-1.005,-0.011,-1.0,-0.6,+0.4,-0.033,-0.982,-0.032,28.92,0.349,0.194,0.234,0.173,0.091
2026-06-05T15:00:55.844,55.845,219,HEAD,Head_main,0x09,2,219,+0.024,-1.013,+0.014,+0.1,+0.6,-0.7,+0.024,-0.990,+0.011,28.91,0.359,0.203,0.218,0.162,0.078
2026-06-05T15:00:56.100,56.100,220,HEAD,Head_main,0x09,2,220,+0.005,-0.993,+0.011,+0.2,-0.1,+0.4,+0.009,-1.002,+0.030,28.92,0.343,0.208,0.226,0.154,0.082
2026-06-05T15:00:56.355,56.355,221,HEAD,Head_main,0x09,2,221,-0.037,-0.991,-0.006,-0.1,+0.9,+1.0,-0.057,-0.929,-0.033,28.87,0.359,0.203,0.239,0.151,0.091
2026-06-05T15:00:56.609,56.610,222,HEAD,Head_main,0x09,2,222,+0.005,-1.002,+0.025,-0.4,+0.2,+1.8,+0.037,-0.977,+0.033,28.86,0.339,0.209,0.203,0.131,0.079
2026-06-05T15:00:56.865,56.865,223,HEAD,Head_main,0x09,2,223,+0.010,-1.001,+0.005,+0.7,-0.4,+0.9,+0.025,-0.998,+0.048,29.01,0.354,0.211,0.223,0.142,0.067
2026-06-05T15:00:57.120,57.120,224,HEAD,Head_main,0x09,2,224,-0.002,-1.009,-0.011,-1.2,-0.7,+0.1,+0.014,-0.967,-0.025,28.93,0.355,0.188,0.224,0.147,0.073
2026-06-05T15:00:57.375,57.375,225,HEAD,Head_main,0x09,2,225,+0.004,-0.992,+0.022,-0.7,+0.5,-0.8,-0.009,-0.971,-0.006,28.92,0.353,0.188,0.208,0.130,0.084
2026-06-05T15:00:57.630,57.630,226,HEAD,Head_main,0x09,2,226,-0.021,-1.010,-0.022,+0.4,-0.4,-1.5,+0.007,-0.992,-0.040,28.94,0.342,0.196,0.215,0.155,0.073
2026-06-05T15:00:57.884,57.885,227,HEAD,Head_main,0x09,2,227,-0.024,-1.011,+0.001,-0.8,-1.2,+0.3,-0.055,-1.014,+0.003,28.95,0.367,0.193,0.216,0.136,0.092
2026-06-05T15:00:58.140,58.140,228,HEAD,Head_main,0x09,2,228,+0.014,-0.986,+0.007,+0.5,+0.6,-0.4,-0.005,-0.954,-0.027,28.91,0.335,0.186,0.208,0.152,0.072
2026-06-05T15:00:58.395,58.395,229,HEAD,Head_main,0x09,2,229,+0.012,-0.978,+0.011,+1.7,-0.4,-0.7,+0.043,-0.982,-0.000,28.99,0.363,0.208,0.227,0.146,0.080
2026-06-05T15:00:58.649,58.650,230,HEAD,Head_main,0x09,2,230,+0.015,-1.034,-0.014,+0.4,+0.7,-1.2,+0.037,-1.014,-0.028,28.92,0.371,0.200,0.219,0.163,0.061
2026-06-05T15:00:58.905,58.905,231,HEAD,Head_main,0x09,2,231,-0.015,-0.987,+0.004,-0.3,-0.1,+0.5,-0.005,-0.938,-0.031,28.93,0.352,0.201,0.207,0.130,0.083
2026-06-05T15:00:59.160,59.160,232,HEAD,Head_main,0x09,2,232,+0.016,-1.004,+0.013,+0.9,+0.4,+0.7,+0.030,-1.031,+0.016,29.03,0.350,0.207,0.198,0.131,0.081
2026-06-05T15:00:59.414,59.415,233,HEAD,Head_main,0x09,2,233,+0.009,-0.989,-0.008,+0.7,-0.7,+0.8,-0.013,-0.962,+0.026,29.05,0.366,0.191,0.197,0.137,0.076
2026-06-05T15:00:59.670,59.670,234,HEAD,Head_main,0x09,2,234,-0.005,-0.990,-0.002,+1.8,-0.2,+0.1,+0.009,-0.973,+0.007,29.00,0.362,0.190,0.217,0.152,0.079
2026-06-05T15:00:59.925,59.925,235,HEAD,Head_main,0x09,2,235,-0.006,-1.002,-0.011,+0.1,-0.4,-0.1,-0.026,-0.961,+0.001,28.99,0.358,0.201,0.219,0.152,0.071
2026-06-05T15:01:00.179,60.180,236,HEAD,Head_main,0x09,2,236,-0.003,-0.991,-0.026,-0.3,-0.5,-0.1,+0.041,-0.940,-0.038,29.00,0.345,0.207,0.212,0.149,0.081
2026-06-05T15:01:00.435,60.435,237,HEAD,Head_main,0x09,2,237,+0.009,-1.019,+0.016,+0.6,-0.4,-0.8,+0.011,-0.999,+0.012,28.95,0.363,0.198,0.211,0.145,0.082
2026-06-05T15:01:00.689,60.690,238,HEAD,Head_main,0x09,2,238,-0.010,-0.995,-0.007,-0.3,+0.5,+0.1,-0.004,-0.939,-0.015,29.06,0.362,0.195,0.224,0.137,0.080
2026-06-05T15:01:00.945,60.945,239,HEAD,Head_main,0x09,2,239,+0.000,-1.005,+0.001,+0.6,-1.0,-0.4,+0.001,-0.990,+0.013,29.01,0.359,0.202,0.208,0.150,0.064
2026-06-05T15:01:01.200,61.200,240,HEAD,Head_main,0x09,2,240,-0.015,-0.992,-0.003,+0.7,+0.4,+1.5,-0.009,-0.964,-0.018,29.09,0.331,0.212,0.209,0.164,0.079
2026-06-05T15:01:01.454,61.455,241,HEAD,Head_main,0x09,2,241,+0.019,-0.989,+0.013,-0.1,+1.1,-0.5,-0.012,-0.935,-0.010,29.02,0.363,0.188,0.215,0.146,0.078
2026-06-05T15:01:01.710,61.710,242,HEAD,Head_main,0x09,2,242,-0.009,-1.007,-0.015,-0.1,+0.2,+0.2,-0.007,-0.964,-0.011,29.02,0.364,0.201,0.228,0.129,0.097
2026-06-05T15:01:01.965,61.965,243,HEAD,Head_main,0x09,2,243,+0.005,-1.003,-0.008,+0.8,-1.0,-0.5,+0.001,-0.977,+0.029,29.05,0.359,0.196,0.209,0.146,0.092
2026-06-05T15:01:02.219,62.220,244,HEAD,Head_main,0x09,2,244,+0.004,-0.984,+0.014,-0.4,+1.7,+0.6,-0.025,-0.963,+0.015,29.01,0.354,0.208,0.215,0.145,0.079
2026-06-05T15:01:02.475,62.475,245,HEAD,Head_main,0x09,2,245,+0.003,-0.991,+0.019,-1.5,+0.4,-0.7,+0.001,-0.995,+0.023,29.05,0.345,0.192,0.218,0.144,0.080
2026-06-05T15:01:02.730,62.730,246,HEAD,Head_main,0x09,2,246,+0.003,-0.986,-0.009,-0.8,-0.5,-0.1,+0.038,-0.989,-0.022,29.14,0.361,0.214,0.208,0.161,0.067
2026-06-05T15:01:02.984,62.985,247,HEAD,Head_main,0x09,2,247,+0.042,-0.991,+0.000,+0.6,-0.6,-0.3,+0.070,-0.992,+0.003,29.15,0.351,0.204,0.226,0.140,0.078
2026-06-05T15:01:03.240,63.240,248,HEAD,Head_main,0x09,2,248,+0.021,-1.002,-0.000,+1.9,+0.3,+0.2,-0.012,-0.987,+0.004,29.07,0.332,0.222,0.219,0.150,0.085
2026-06-05T15:01:03.495,63.495,249,HEAD,Head_main,0x09,2,249,-0.008,-0.990,-0.009,-0.2,+0.8,-0.0,-0.001,-0.977,-0.004,29.03,0.371,0.193,0.194,0.165,0.076
2026-06-05T15:01:03.750,63.750,250,HEAD,Head_main,0x09,2,250,+0.023,-1.003,+0.021,+0.5,-0.5,+0.4,-0.003,-0.974,+0.009,29.05,0.348,0.192,0.224,0.132,0.075
2026-06-05T15:01:04.004,64.005,251,HEAD,Head_main,0x09,2,251,-0.014,-0.993,+0.001,+0.4,-1.3,+0.0,-0.046,-0.966,-0.006,29.03,0.319,0.192,0.219,0.166,0.069
2026-06-05T15:01:04.260,64.260,252,HEAD,Head_main,0x09,2,252,-0.003,-1.014,+0.002,+0.2,-1.1,-0.3,+0.029,-0.989,+0.016,29.11,0.366,0.218,0.237,0.156,0.083
2026-06-05T15:01:04.515,64.515,253,HEAD,Head_main,0x09,2,253,+0.005,-1.016,+0.006,-0.2,+1.1,-0.7,+0.005,-1.015,-0.019,29.06,0.343,0.198,0.227,0.154,0.087
2026-06-05T15:01:04.769,64.770,254,HEAD,Head_main,0x09,2,254,-0.013,-1.035,+0.026,+0.8,+0.0,+1.1,+0.016,-1.031,-0.016,29.09,0.379,0.210,0.213,0.143,0.063
