timestamp_iso,t_s,round,node,label,present_mask_hex,version,node_seq,distance_m,ax_g,ay_g,az_g,gx_dps,gy_dps,gz_dps,hx_g,hy_g,hz_g,imu_temp_c,resp_rate_bpm,ecg_hr_bpm,ecg_rmssd_ms,ecg_flags,bia_resistance_ohm,bia_reactance_ohm,bia_phase_deg,bia_impedance_ohm
2026-06-05T15:00:00.000,0.000,0,WA,Chest,0x55,2,0,0.331,-0.002,-0.997,-0.001,-0.0,-1.4,-1.6,+0.007,-0.953,-0.044,28.98,14,64,53,0,509.34,63.21,7.11,513.25
2026-06-05T15:00:00.255,0.255,1,WA,Chest,0x55,2,1,0.318,-0.004,-1.002,-0.019,+1.1,-0.4,-0.3,-0.024,-0.951,-0.043,29.00,14,64,55,0,509.19,63.45,7.15,513.13
2026-06-05T15:00:00.510,0.510,2,WA,Chest,0x55,2,2,0.309,+0.005,-0.998,+0.008,-0.9,-0.4,+1.2,-0.018,-1.000,+0.023,29.03,14,64,53,0,509.47,63.30,7.11,513.39
2026-06-05T15:00:00.765,0.765,3,WA,Chest,0x55,2,3,0.286,-0.004,-0.991,+0.017,-0.8,-0.1,+1.1,+0.003,-0.967,-0.000,29.01,14,64,56,0,510.33,63.22,7.10,514.23
2026-06-05T15:00:01.020,1.020,4,WA,Chest,0x55,2,4,0.294,+0.005,-1.018,-0.016,+0.2,-0.3,+1.8,+0.019,-1.011,+0.002,28.99,14,63,56,0,508.46,63.30,7.07,512.39
2026-06-05T15:00:01.274,1.275,5,WA,Chest,0x55,2,5,0.307,-0.005,-0.995,-0.009,+0.5,+0.1,+0.8,+0.009,-0.958,-0.003,28.97,14,64,53,0,509.21,63.18,7.18,513.12
2026-06-05T15:00:01.530,1.530,6,WA,Chest,0x55,2,6,0.303,+0.004,-1.001,-0.016,-0.1,-0.1,-0.4,-0.039,-0.935,-0.021,28.99,14,63,54,0,510.11,63.20,7.11,514.01
2026-06-05T15:00:01.785,1.785,7,WA,Chest,0x55,2,7,0.302,-0.002,-0.996,-0.006,+0.3,+1.1,+0.1,-0.027,-0.946,-0.049,29.01,14,63,56,0,509.01,63.53,7.09,512.96
2026-06-05T15:00:02.040,2.040,8,WA,Chest,0x55,2,8,0.302,+0.004,-0.991,+0.006,-1.6,+0.4,-0.2,+0.012,-0.979,+0.007,28.99,14,64,52,0,509.89,63.24,7.07,513.80
2026-06-05T15:00:02.294,2.295,9,WA,Chest,0x55,2,9,0.296,+0.012,-1.002,+0.010,-0.5,-1.2,+0.7,+0.010,-0.958,+0.001,29.05,14,64,55,0,508.48,63.30,7.11,512.41
2026-06-05T15:00:02.549,2.550,10,WA,Chest,0x55,2,10,0.287,+0.017,-0.985,-0.025,-0.2,-0.0,-0.1,+0.003,-0.958,-0.010,29.04,14,64,56,0,509.75,63.10,7.07,513.65
2026-06-05T15:00:02.805,2.805,11,WA,Chest,0x55,2,11,0.299,-0.018,-1.002,+0.007,-0.2,-0.2,-0.3,-0.024,-0.963,+0.020,29.07,14,64,53,0,509.98,63.17,7.10,513.87
2026-06-05T15:00:03.060,3.060,12,WA,Chest,0x55,2,12,0.306,+0.002,-1.020,-0.016,+0.8,+0.8,-0.2,-0.007,-0.993,-0.021,28.98,14,65,52,0,509.15,63.32,7.11,513.08
2026-06-05T15:00:03.314,3.315,13,WA,Chest,0x55,2,13,0.287,+0.020,-0.992,-0.013,-0.2,-0.2,-0.4,+0.031,-0.940,-0.005,29.10,14,64,54,0,510.31,63.17,7.12,514.21
2026-06-05T15:00:03.570,3.570,14,WA,Chest,0x55,2,14,0.286,-0.002,-0.987,-0.004,+0.2,+0.6,+0.8,-0.002,-0.978,+0.017,29.08,14,63,56,0,510.21,63.41,7.12,514.13
2026-06-05T15:00:03.825,3.825,15,WA,Chest,0x55,2,15,0.303,-0.008,-1.009,+0.008,+0.9,+1.2,-0.4,+0.038,-0.974,+0.008,29.05,14,65,55,0,509.58,63.22,7.16,513.49
2026-06-05T15:00:04.080,4.080,16,WA,Chest,0x55,2,16,0.287,-0.003,-0.981,-0.013,+0.3,-1.0,+0.7,+0.017,-0.973,+0.003,29.07,14,65,55,0,509.37,63.05,7.04,513.26
2026-06-05T15:00:04.334,4.335,17,WA,Chest,0x55,2,17,0.315,-0.008,-0.999,-0.006,+0.0,-0.1,+2.3,-0.039,-0.951,-0.038,29.08,14,63,54,0,509.40,63.15,7.05,513.30
2026-06-05T15:00:04.589,4.590,18,WA,Chest,0x55,2,18,0.292,-0.007,-1.000,+0.008,-1.2,+1.0,-0.1,-0.035,-0.968,+0.030,29.08,14,64,55,0,509.64,63.85,7.08,513.62
2026-06-05T15:00:04.844,4.845,19,WA,Chest,0x55,2,19,0.302,+0.007,-0.997,-0.000,-0.3,-0.2,+0.1,+0.021,-0.966,-0.001,29.14,14,65,52,0,509.05,63.15,7.15,512.95
2026-06-05T15:00:05.099,5.100,20,WA,Chest,0x55,2,20,0.296,-0.004,-0.983,+0.015,+1.2,+0.2,+5.6,-0.010,-0.948,+0.013,29.05,14,63,56,0,509.97,63.29,7.07,513.89
2026-06-05T15:00:05.355,5.355,21,WA,Chest,0x55,2,21,0.299,+0.036,-0.992,+0.034,-0.3,+0.4,+14.8,+0.029,-0.979,+0.021,29.05,14,64,52,0,508.87,63.27,7.17,512.79
2026-06-05T15:00:05.610,5.610,22,WA,Chest,0x55,2,22,0.297,+0.102,-0.994,+0.095,-0.2,+0.1,+20.7,+0.127,-0.934,+0.099,29.10,14,66,56,0,509.28,63.18,7.13,513.19
2026-06-05T15:00:05.865,5.865,23,WA,Chest,0x55,2,23,0.296,+0.162,-0.966,+0.178,+0.8,-0.1,+21.8,+0.158,-0.948,+0.157,29.04,14,66,55,0,509.35,63.14,7.06,513.25
2026-06-05T15:00:06.120,6.120,24,WA,Chest,0x55,2,24,0.276,+0.220,-0.941,+0.228,+0.4,+1.4,+16.3,+0.261,-0.904,+0.222,29.00,14,66,55,0,508.19,63.05,7.11,512.08
2026-06-05T15:00:06.375,6.375,25,WA,Chest,0x55,2,25,0.267,+0.245,-0.931,+0.254,-0.1,-0.1,+5.5,+0.267,-0.870,+0.230,29.11,14,66,54,0,509.50,63.00,7.09,513.38
2026-06-05T15:00:06.629,6.630,26,WA,Chest,0x55,2,26,0.271,+0.248,-0.936,+0.239,-0.1,+0.3,-5.5,+0.220,-0.883,+0.202,29.16,15,67,53,0,509.05,63.19,7.01,512.96
2026-06-05T15:00:06.884,6.885,27,WA,Chest,0x55,2,27,0.289,+0.221,-0.958,+0.239,-0.9,-0.1,-16.4,+0.216,-0.908,+0.232,29.15,15,67,54,0,508.77,63.20,7.14,512.68
2026-06-05T15:00:07.140,7.140,28,WA,Chest,0x55,2,28,0.297,+0.173,-0.970,+0.186,-0.8,-0.8,-20.3,+0.161,-0.973,+0.181,29.08,15,67,55,0,508.74,63.11,7.05,512.64
2026-06-05T15:00:07.395,7.395,29,WA,Chest,0x55,2,29,0.297,+0.089,-0.995,+0.092,-0.3,+0.0,-20.4,+0.075,-0.969,+0.067,29.17,15,69,54,0,508.98,63.18,7.14,512.88
2026-06-05T15:00:07.650,7.650,30,WA,Chest,0x55,2,30,0.301,+0.030,-1.002,+0.028,-0.8,-0.8,-14.8,+0.024,-0.969,+0.003,29.01,15,72,51,0,508.46,63.15,7.15,512.37
2026-06-05T15:00:07.905,7.905,31,WA,Chest,0x55,2,31,0.292,-0.006,-0.998,+0.003,-0.1,-1.2,-3.5,-0.032,-0.970,-0.002,29.15,16,70,54,0,508.39,63.28,7.10,512.32
2026-06-05T15:00:08.160,8.160,32,WA,Chest,0x55,2,32,0.308,+0.002,-1.006,+0.003,+0.8,+0.2,+7.4,-0.014,-0.925,+0.000,29.07,16,72,49,0,508.26,63.38,7.08,512.20
2026-06-05T15:00:08.415,8.415,33,WA,Chest,0x55,2,33,0.291,+0.054,-1.005,+0.052,-0.8,+0.1,+16.7,+0.037,-0.980,+0.070,29.10,16,74,51,0,509.15,63.28,7.13,513.07
2026-06-05T15:00:08.669,8.670,34,WA,Chest,0x55,2,34,0.290,+0.115,-0.991,+0.115,+0.5,-0.7,+21.8,+0.119,-0.954,+0.150,29.09,17,75,53,0,507.72,63.35,7.17,511.66
2026-06-05T15:00:08.925,8.925,35,WA,Chest,0x55,2,35,0.274,+0.188,-0.991,+0.183,-0.3,-0.4,+21.0,+0.160,-0.954,+0.163,29.14,17,77,47,0,508.61,63.47,7.12,512.55
2026-06-05T15:00:09.179,9.180,36,WA,Chest,0x55,2,36,0.292,+0.224,-0.956,+0.239,+0.8,+0.1,+13.4,+0.201,-0.910,+0.222,29.11,17,79,50,0,509.66,63.28,7.10,513.57
2026-06-05T15:00:09.435,9.435,37,WA,Chest,0x55,2,37,0.258,+0.280,-0.953,+0.248,+0.9,+0.3,+3.3,+0.254,-0.940,+0.262,29.09,18,80,51,0,509.02,63.21,7.06,512.93
2026-06-05T15:00:09.689,9.690,38,WA,Chest,0x55,2,38,0.294,+0.246,-0.946,+0.268,-0.7,+0.4,-8.9,+0.214,-0.960,+0.241,29.08,18,81,48,0,509.15,63.54,7.09,513.10
2026-06-05T15:00:09.945,9.945,39,WA,Chest,0x55,2,39,0.265,+0.213,-0.951,+0.215,-0.6,-0.3,-18.5,+0.181,-0.927,+0.225,29.05,18,82,49,0,509.31,63.32,7.16,513.23
2026-06-05T15:00:10.199,10.200,40,WA,Chest,0x55,2,40,0.289,+0.148,-1.000,+0.161,-0.9,+0.2,-21.2,+0.130,-0.952,+0.168,29.11,19,84,50,0,508.08,63.20,7.08,512.00
2026-06-05T15:00:10.455,10.455,41,WA,Chest,0x55,2,41,0.285,+0.098,-1.011,+0.084,-1.1,+0.3,-19.8,+0.080,-0.968,+0.093,29.08,19,85,46,0,508.88,62.80,7.03,512.74
2026-06-05T15:00:10.710,10.710,42,WA,Chest,0x55,2,42,0.302,+0.024,-1.000,+0.036,-1.9,-0.6,-12.2,+0.016,-0.963,+0.053,29.15,20,86,45,0,508.75,63.26,7.09,512.67
2026-06-05T15:00:10.964,10.965,43,WA,Chest,0x55,2,43,0.297,-0.004,-0.994,-0.011,-0.7,+0.9,-2.3,+0.008,-0.959,-0.007,29.09,20,88,46,0,508.90,63.26,7.15,512.81
2026-06-05T15:00:11.220,11.220,44,WA,Chest,0x55,2,44,0.300,+0.010,-1.014,+0.010,+0.8,+0.6,+8.0,+0.013,-0.993,-0.011,29.03,20,90,44,0,509.31,63.28,7.05,513.23
2026-06-05T15:00:11.474,11.475,45,WA,Chest,0x55,2,45,0.303,+0.072,-1.014,+0.057,+0.4,+0.1,+19.3,+0.074,-0.967,+0.025,29.08,21,94,43,0,509.14,63.73,7.10,513.11
2026-06-05T15:00:11.730,11.730,46,WA,Chest,0x55,2,46,0.290,+0.152,-0.978,+0.132,+1.3,+1.0,+21.7,+0.101,-0.959,+0.137,29.07,21,94,45,0,508.84,62.83,7.13,512.71
2026-06-05T15:00:11.984,11.985,47,WA,Chest,0x55,2,47,0.283,+0.188,-0.969,+0.183,+0.3,-1.1,+21.0,+0.205,-0.919,+0.162,29.04,21,96,44,0,508.98,63.23,7.17,512.89
2026-06-05T15:00:12.240,12.240,48,WA,Chest,0x55,2,48,0.289,+0.262,-0.935,+0.251,+0.3,-0.2,+12.5,+0.234,-0.917,+0.240,29.00,22,96,44,0,509.77,63.07,7.15,513.65
2026-06-05T15:00:12.495,12.495,49,WA,Chest,0x55,2,49,0.275,+0.252,-0.920,+0.257,+0.1,+0.0,-0.4,+0.238,-0.882,+0.232,29.10,22,100,43,0,508.43,63.13,7.08,512.34
2026-06-05T15:00:12.750,12.750,50,WA,Chest,0x55,2,50,0.278,+0.257,-0.938,+0.242,-0.7,-1.2,-10.3,+0.260,-0.887,+0.222,29.12,23,100,43,0,508.68,63.39,7.11,512.61
2026-06-05T15:00:13.005,13.005,51,WA,Chest,0x55,2,51,0.273,+0.174,-0.958,+0.201,-0.9,+0.1,-19.1,+0.162,-0.988,+0.186,28.97,23,103,38,0,509.35,63.07,7.15,513.24
2026-06-05T15:00:13.259,13.260,52,WA,Chest,0x55,2,52,0.301,+0.126,-0.999,+0.150,-1.0,+0.1,-21.4,+0.119,-0.982,+0.145,29.05,23,104,38,0,508.51,63.11,7.18,512.41
2026-06-05T15:00:13.515,13.515,53,WA,Chest,0x55,2,53,0.296,+0.092,-0.994,+0.053,-0.4,+0.4,-17.8,+0.077,-0.977,+0.063,29.02,24,105,41,0,510.45,63.23,7.06,514.35
2026-06-05T15:00:13.769,13.770,54,WA,Chest,0x55,2,54,0.288,+0.009,-0.984,+0.034,-0.3,+0.1,-10.4,-0.004,-0.922,+0.024,29.05,24,104,40,0,509.38,63.21,7.05,513.29
2026-06-05T15:00:14.025,14.025,55,WA,Chest,0x55,2,55,0.302,+0.008,-1.009,+0.015,+0.4,-0.1,+0.8,+0.005,-1.003,+0.043,28.94,24,105,39,0,509.43,63.04,7.04,513.32
2026-06-05T15:00:14.280,14.280,56,WA,Chest,0x55,2,56,0.301,+0.039,-0.989,+0.026,-0.3,-0.1,+11.9,-0.002,-0.998,+0.052,28.99,24,108,39,0,509.51,63.04,7.09,513.39
2026-06-05T15:00:14.535,14.535,57,WA,Chest,0x55,2,57,0.298,+0.096,-1.004,+0.096,+1.0,+0.1,+19.0,+0.064,-0.953,+0.084,28.97,25,109,39,0,509.37,62.81,7.11,513.23
2026-06-05T15:00:14.790,14.790,58,WA,Chest,0x55,2,58,0.297,+0.166,-0.963,+0.145,+0.7,+0.1,+21.1,+0.162,-0.916,+0.149,28.92,25,110,41,0,509.62,63.23,7.10,513.53
2026-06-05T15:00:15.044,15.045,59,WA,Chest,0x55,2,59,0.285,+0.213,-0.962,+0.216,+1.4,+0.5,+18.8,+0.192,-0.950,+0.190,28.98,25,110,37,0,509.61,63.40,7.04,513.54
2026-06-05T15:00:15.300,15.300,60,WA,Chest,0x55,2,60,0.276,+0.237,-0.930,+0.258,+1.3,-0.2,+9.9,+0.249,-0.884,+0.236,28.93,25,113,34,0,510.02,62.91,7.10,513.89
2026-06-05T15:00:15.554,15.555,61,WA,Chest,0x55,2,61,0.299,+0.263,-0.928,+0.254,+0.6,+0.0,-2.0,+0.231,-0.906,+0.236,29.00,26,111,37,0,508.94,62.78,7.08,512.80
2026-06-05T15:00:15.810,15.810,62,WA,Chest,0x55,2,62,0.278,+0.218,-0.945,+0.249,-1.1,+0.2,-12.5,+0.241,-0.887,+0.229,29.01,26,112,34,0,510.43,63.12,7.10,514.32
2026-06-05T15:00:16.065,16.065,63,WA,Chest,0x55,2,63,0.283,+0.191,-0.960,+0.183,-0.6,+0.1,-19.8,+0.190,-0.929,+0.150,28.91,26,113,34,0,509.37,63.01,7.05,513.25
2026-06-05T15:00:16.320,16.320,64,WA,Chest,0x55,2,64,0.280,+0.132,-0.983,+0.121,-0.6,+0.9,-21.8,+0.120,-0.960,+0.120,29.02,26,114,35,0,509.55,63.26,7.14,513.46
2026-06-05T15:00:16.574,16.575,65,WA,Chest,0x55,2,65,0.280,+0.043,-0.998,+0.039,-1.3,+0.5,-17.3,+0.008,-0.975,+0.059,29.01,26,115,37,0,509.14,63.38,7.08,513.07
2026-06-05T15:00:16.830,16.830,66,WA,Chest,0x55,2,66,0.298,+0.019,-0.994,+0.017,-0.0,+0.0,-7.6,+0.010,-0.989,+0.028,28.95,26,116,39,0,509.43,63.13,7.08,513.33
2026-06-05T15:00:17.085,17.085,67,WA,Chest,0x55,2,67,0.297,+0.028,-1.009,-0.005,-0.4,+0.3,+3.9,+0.043,-0.991,+0.010,28.97,26,116,34,0,509.22,63.20,7.13,513.12
2026-06-05T15:00:17.339,17.340,68,WA,Chest,0x55,2,68,0.308,+0.043,-0.986,+0.037,+0.9,-0.1,+14.1,+0.049,-0.971,+0.049,28.94,26,113,35,0,509.84,63.00,7.05,513.71
2026-06-05T15:00:17.594,17.595,69,WA,Chest,0x55,2,69,0.304,+0.101,-0.985,+0.089,+0.9,-1.0,+21.6,+0.085,-0.971,+0.073,28.98,26,115,36,0,508.88,63.15,7.13,512.79
2026-06-05T15:00:17.850,17.850,70,WA,Chest,0x55,2,70,0.294,+0.176,-0.985,+0.144,+0.6,+0.6,+22.0,+0.164,-0.980,+0.130,28.99,26,114,38,0,510.25,63.31,7.11,514.16
2026-06-05T15:00:18.105,18.105,71,WA,Chest,0x55,2,71,0.290,+0.220,-0.958,+0.207,+1.1,+0.4,+15.9,+0.220,-0.889,+0.207,28.99,26,113,36,0,509.08,63.35,7.11,513.01
2026-06-05T15:00:18.359,18.360,72,WA,Chest,0x55,2,72,0.276,+0.280,-0.922,+0.255,+1.2,-0.3,+6.6,+0.278,-0.936,+0.167,28.99,26,115,38,0,509.17,63.41,7.16,513.10
2026-06-05T15:00:18.615,18.615,73,WA,Chest,0x55,2,73,0.281,+0.253,-0.934,+0.246,-1.0,+0.6,-6.4,+0.260,-0.892,+0.237,28.92,26,115,35,0,508.28,63.35,7.09,512.22
2026-06-05T15:00:18.870,18.870,74,WA,Chest,0x55,2,74,0.298,+0.221,-0.957,+0.234,-0.8,+0.8,-15.6,+0.191,-0.924,+0.239,28.92,26,113,33,0,508.27,63.64,7.07,512.23
2026-06-05T15:00:19.125,19.125,75,WA,Chest,0x55,2,75,0.291,+0.179,-0.986,+0.171,+0.4,+1.4,-21.2,+0.172,-0.931,+0.159,28.88,26,114,35,0,508.51,63.07,7.08,512.41
2026-06-05T15:00:19.379,19.380,76,WA,Chest,0x55,2,76,0.295,+0.083,-0.982,+0.098,-0.6,+0.1,-20.9,+0.041,-0.973,+0.087,28.94,26,114,34,0,509.07,63.04,7.10,512.96
2026-06-05T15:00:19.635,19.635,77,WA,Chest,0x55,2,77,0.304,+0.046,-0.991,+0.036,-0.9,-0.5,-15.8,+0.052,-0.954,+0.009,28.91,26,114,35,0,508.77,63.39,7.19,512.70
2026-06-05T15:00:19.890,19.890,78,WA,Chest,0x55,2,78,0.308,-0.010,-1.007,+0.016,-1.0,-0.3,-5.2,-0.002,-0.975,+0.017,28.89,26,113,37,0,509.13,63.44,7.09,513.07
2026-06-05T15:00:20.144,20.145,79,WA,Chest,0x55,2,79,0.289,-0.001,-0.995,+0.006,-0.4,+0.1,+4.4,+0.011,-0.962,-0.003,28.91,26,113,35,0,508.02,63.44,7.19,511.97
2026-06-05T15:00:20.399,20.400,80,WA,Chest,0x55,2,80,0.292,+0.062,-0.998,+0.045,+0.6,+0.5,+16.6,+0.067,-1.000,+0.053,28.89,26,115,35,0,508.29,63.40,7.09,512.22
2026-06-05T15:00:20.655,20.655,81,WA,Chest,0x55,2,81,0.293,+0.102,-0.991,+0.115,+0.5,+0.7,+21.2,+0.082,-0.992,+0.099,28.89,26,114,39,0,508.36,63.11,7.15,512.26
2026-06-05T15:00:20.910,20.910,82,WA,Chest,0x55,2,82,0.281,+0.179,-0.968,+0.185,+0.5,-0.6,+20.4,+0.180,-0.921,+0.156,28.92,26,115,34,0,507.98,63.06,7.07,511.88
2026-06-05T15:00:21.164,21.165,83,WA,Chest,0x55,2,83,0.294,+0.234,-0.952,+0.235,+0.4,-0.6,+14.4,+0.214,-0.938,+0.222,28.94,26,113,37,0,508.26,63.13,7.10,512.16
2026-06-05T15:00:21.420,21.420,84,WA,Chest,0x55,2,84,0.285,+0.277,-0.926,+0.265,+0.7,-0.5,+2.4,+0.230,-0.890,+0.272,28.90,26,113,38,0,508.18,62.98,7.09,512.07
2026-06-05T15:00:21.675,21.675,85,WA,Chest,0x55,2,85,0.262,+0.250,-0.926,+0.267,-0.1,+0.3,-8.7,+0.245,-0.849,+0.275,28.86,26,114,36,0,508.15,63.13,7.05,512.05
2026-06-05T15:00:21.929,21.930,86,WA,Chest,0x55,2,86,0.297,+0.231,-0.952,+0.210,-1.1,+0.5,-17.7,+0.188,-0.925,+0.191,28.94,26,113,38,0,508.41,63.10,7.14,512.31
2026-06-05T15:00:22.184,22.185,87,WA,Chest,0x55,2,87,0.306,+0.151,-0.985,+0.154,-2.0,+0.6,-22.8,+0.154,-0.960,+0.176,28.89,26,113,37,0,508.29,63.29,7.11,512.21
2026-06-05T15:00:22.440,22.440,88,WA,Chest,0x55,2,88,0.310,+0.104,-0.975,+0.090,-0.7,-0.6,-20.3,+0.106,-0.925,+0.060,28.86,26,113,34,0,508.35,63.32,7.13,512.28
2026-06-05T15:00:22.695,22.695,89,WA,Chest,0x55,2,89,0.300,+0.024,-1.003,+0.020,-1.4,+0.3,-12.9,+0.042,-0.987,+0.040,28.94,26,114,39,0,508.37,63.25,7.02,512.29
2026-06-05T15:00:22.949,22.950,90,WA,Chest,0x55,2,90,0.300,-0.008,-0.989,-0.002,-0.2,-1.2,-2.0,-0.010,-0.958,-0.006,28.93,26,113,36,0,508.39,63.06,7.07,512.28
2026-06-05T15:00:23.205,23.205,91,WA,Chest,0x55,2,91,0.317,+0.008,-0.981,+0.013,+0.0,-0.7,+8.2,-0.006,-0.945,+0.013,28.88,26,114,37,0,509.71,63.19,7.00,513.62
2026-06-05T15:00:23.460,23.460,92,WA,Chest,0x55,2,92,0.297,+0.060,-1.002,+0.059,+0.2,-1.1,+16.2,+0.053,-0.977,+0.063,28.93,26,112,36,0,508.36,63.07,7.06,512.26
2026-06-05T15:00:23.714,23.715,93,WA,Chest,0x55,2,93,0.295,+0.126,-0.967,+0.138,+1.4,-0.4,+24.0,+0.108,-0.958,+0.131,28.90,26,114,36,0,508.88,63.03,7.07,512.77
2026-06-05T15:00:23.969,23.970,94,WA,Chest,0x55,2,94,0.282,+0.176,-0.969,+0.186,+0.2,+0.3,+20.1,+0.150,-0.933,+0.211,28.90,26,114,37,0,508.95,63.33,7.07,512.87
2026-06-05T15:00:24.225,24.225,95,WA,Chest,0x55,2,95,0.284,+0.254,-0.927,+0.225,-0.7,-0.4,+11.2,+0.244,-0.928,+0.230,28.90,26,114,34,0,508.85,63.09,7.08,512.75
2026-06-05T15:00:24.480,24.480,96,WA,Chest,0x55,2,96,0.278,+0.286,-0.934,+0.248,-0.6,+0.0,+0.9,+0.246,-0.883,+0.267,28.97,26,114,35,0,509.46,63.24,7.14,513.37
2026-06-05T15:00:24.734,24.735,97,WA,Chest,0x55,2,97,0.282,+0.260,-0.943,+0.239,+0.6,-0.7,-11.7,+0.222,-0.944,+0.255,28.94,26,113,38,0,509.13,63.56,7.09,513.08
2026-06-05T15:00:24.990,24.990,98,WA,Chest,0x55,2,98,0.298,+0.209,-0.936,+0.212,-0.5,+0.7,-19.1,+0.183,-0.903,+0.211,28.92,26,114,37,0,509.41,63.07,7.04,513.30
2026-06-05T15:00:25.245,25.245,99,WA,Chest,0x55,2,99,0.290,+0.160,-0.997,+0.132,-0.9,+1.4,-20.2,+0.132,-0.989,+0.138,28.98,26,114,36,0,508.41,63.69,7.11,512.38
2026-06-05T15:00:25.500,25.500,100,WA,Chest,0x55,2,100,0.307,+0.076,-0.996,+0.068,-1.9,+0.7,-18.2,+0.061,-0.955,+0.050,28.91,26,115,36,0,509.61,63.08,7.18,513.50
2026-06-05T15:00:25.754,25.755,101,WA,Chest,0x55,2,101,0.298,+0.013,-1.007,+0.017,-1.1,-0.0,-9.9,+0.022,-0.984,-0.022,28.89,26,114,37,0,509.18,63.05,7.08,513.07
2026-06-05T15:00:26.010,26.010,102,WA,Chest,0x55,2,102,0.305,+0.008,-1.016,-0.022,-0.6,-0.2,+0.2,+0.003,-0.954,-0.040,28.93,26,115,39,0,509.20,63.48,7.02,513.14
2026-06-05T15:00:26.265,26.265,103,WA,Chest,0x55,2,103,0.284,+0.011,-0.972,+0.012,+0.7,-0.5,+12.3,+0.010,-0.934,+0.022,28.89,26,114,35,0,510.09,62.83,7.14,513.94
2026-06-05T15:00:26.519,26.520,104,WA,Chest,0x55,2,104,0.308,+0.057,-0.994,+0.076,+1.1,-0.0,+18.7,+0.093,-0.922,+0.080,28.93,26,113,35,0,509.04,63.47,7.04,512.98
2026-06-05T15:00:26.775,26.775,105,WA,Chest,0x55,2,105,0.291,+0.141,-0.983,+0.153,+0.6,-0.3,+21.6,+0.123,-0.932,+0.152,28.91,26,115,37,0,509.38,63.65,7.10,513.34
2026-06-05T15:00:27.030,27.030,106,WA,Chest,0x55,2,106,0.285,+0.208,-0.946,+0.205,+1.2,-0.8,+17.2,+0.183,-0.906,+0.201,28.98,26,113,36,0,510.05,63.01,7.12,513.92
2026-06-05T15:00:27.285,27.285,107,WA,Chest,0x55,2,107,0.286,+0.275,-0.943,+0.247,+0.5,+0.1,+9.7,+0.273,-0.905,+0.287,28.99,26,113,37,0,510.42,63.12,7.10,514.31
2026-06-05T15:00:27.539,27.540,108,WA,Chest,0x55,2,108,0.282,+0.264,-0.932,+0.275,-0.4,+0.3,-1.9,+0.227,-0.923,+0.256,28.90,26,114,34,0,509.31,63.12,7.13,513.21
2026-06-05T15:00:27.795,27.795,109,WA,Chest,0x55,2,109,0.281,+0.243,-0.933,+0.246,-1.2,-0.4,-13.3,+0.191,-0.898,+0.267,28.88,26,114,36,0,510.41,63.12,7.11,514.29
2026-06-05T15:00:28.050,28.050,110,WA,Chest,0x55,2,110,0.280,+0.183,-0.954,+0.201,-1.4,+1.4,-19.2,+0.136,-0.922,+0.187,28.91,26,113,39,0,509.55,63.08,7.04,513.44
2026-06-05T15:00:28.304,28.305,111,WA,Chest,0x55,2,111,0.283,+0.097,-0.961,+0.111,-0.6,-0.1,-20.8,+0.092,-0.947,+0.088,28.93,26,114,36,0,508.81,63.17,7.09,512.72
2026-06-05T15:00:28.560,28.560,112,WA,Chest,0x55,2,112,0.273,+0.038,-0.983,+0.044,-1.6,-0.6,-18.0,+0.036,-0.936,+0.080,28.92,26,115,39,0,508.99,63.35,7.07,512.92
2026-06-05T15:00:28.815,28.815,113,WA,Chest,0x55,2,113,0.280,-0.000,-1.019,+0.014,+0.7,+0.1,-9.4,+0.009,-0.971,+0.028,28.93,26,113,36,0,508.79,63.03,7.08,512.68
2026-06-05T15:00:29.070,29.070,114,WA,Chest,0x55,2,114,0.283,-0.003,-0.997,-0.018,-0.5,+0.1,+4.1,+0.008,-0.967,-0.016,28.99,26,114,36,0,509.58,63.67,7.11,513.55
2026-06-05T15:00:29.324,29.325,115,WA,Chest,0x55,2,115,0.292,+0.024,-0.983,+0.023,+0.1,-0.5,+14.1,+0.010,-0.936,+0.000,28.99,26,114,36,0,508.54,63.63,7.05,512.51
2026-06-05T15:00:29.580,29.580,116,WA,Chest,0x55,2,116,0.299,+0.080,-0.981,+0.097,+0.1,-0.4,+20.0,+0.082,-0.962,+0.106,29.07,26,116,34,0,509.22,62.77,7.08,513.07
2026-06-05T15:00:29.835,29.835,117,WA,Chest,0x55,2,117,0.296,+0.154,-0.984,+0.161,+1.7,+1.5,+22.1,+0.133,-0.949,+0.169,29.03,26,114,36,0,508.88,63.13,7.04,512.78
2026-06-05T15:00:30.089,30.090,118,WA,Chest,0x55,2,118,0.273,+0.220,-0.962,+0.221,+0.4,+0.4,+16.7,+0.229,-0.969,+0.225,29.02,26,114,34,0,507.90,63.15,7.14,511.81
2026-06-05T15:00:30.344,30.345,119,WA,Chest,0x55,2,119,0.290,+0.269,-0.925,+0.284,+0.2,-0.5,+6.4,+0.269,-0.881,+0.289,29.03,26,114,38,0,508.91,63.03,7.10,512.80
2026-06-05T15:00:30.600,30.600,120,WA,Chest,0x55,2,120,0.269,+0.253,-0.931,+0.263,+0.3,+0.2,-6.6,+0.225,-0.926,+0.268,29.00,26,113,37,0,507.37,63.53,7.11,511.34
2026-06-05T15:00:30.855,30.855,121,WA,Chest,0x55,2,121,0.280,+0.236,-0.955,+0.233,-0.5,-0.6,-14.7,+0.208,-0.955,+0.250,29.06,26,115,36,0,508.99,63.25,7.07,512.90
2026-06-05T15:00:31.109,31.110,122,WA,Chest,0x55,2,122,0.260,+0.183,-0.963,+0.169,-1.4,+0.1,-22.1,+0.184,-0.958,+0.151,29.03,26,114,38,0,508.82,62.86,7.12,512.68
2026-06-05T15:00:31.365,31.365,123,WA,Chest,0x55,2,123,0.299,+0.114,-0.995,+0.094,-0.7,-0.1,-20.0,+0.152,-0.976,+0.083,29.03,26,113,34,0,509.89,63.03,7.09,513.77
2026-06-05T15:00:31.620,31.620,124,WA,Chest,0x55,2,124,0.300,+0.041,-1.002,+0.028,+0.2,+0.6,-16.9,+0.071,-0.992,+0.017,29.05,26,114,38,0,508.10,63.49,7.06,512.05
2026-06-05T15:00:31.875,31.875,125,WA,Chest,0x55,2,125,0.294,-0.004,-1.017,+0.017,+0.0,+0.8,-5.0,+0.007,-0.981,+0.057,29.07,26,113,34,0,508.26,63.22,7.06,512.18
2026-06-05T15:00:32.130,32.130,126,WA,Chest,0x55,2,126,0.305,+0.011,-0.994,+0.008,+0.5,+0.8,+6.5,-0.011,-0.979,-0.024,29.08,26,114,33,0,508.66,63.48,7.13,512.60
2026-06-05T15:00:32.384,32.385,127,WA,Chest,0x55,2,127,0.308,+0.065,-0.984,+0.032,+0.2,+0.9,+15.8,+0.057,-0.985,+0.016,28.97,26,114,37,0,508.19,63.35,7.09,512.13
2026-06-05T15:00:32.640,32.640,128,WA,Chest,0x55,2,128,0.296,+0.104,-0.982,+0.097,+0.6,+0.2,+21.8,+0.139,-0.959,+0.121,28.96,26,114,37,0,508.25,63.64,7.15,512.22
2026-06-05T15:00:32.895,32.895,129,WA,Chest,0x55,2,129,0.282,+0.167,-0.974,+0.175,-0.1,-0.1,+20.6,+0.195,-0.936,+0.151,29.06,26,113,37,0,507.82,63.25,7.04,511.74
2026-06-05T15:00:33.149,33.150,130,WA,Chest,0x55,2,130,0.291,+0.247,-0.938,+0.231,+0.5,+0.2,+14.3,+0.211,-0.895,+0.212,29.04,26,114,35,0,508.74,62.92,7.08,512.62
2026-06-05T15:00:33.405,33.405,131,WA,Chest,0x55,2,131,0.278,+0.250,-0.930,+0.266,+0.2,+0.0,+4.8,+0.234,-0.894,+0.267,29.03,26,113,35,0,508.78,63.52,7.07,512.73
2026-06-05T15:00:33.660,33.660,132,WA,Chest,0x55,2,132,0.269,+0.268,-0.921,+0.250,-0.0,+0.6,-7.2,+0.270,-0.873,+0.245,29.12,26,113,38,0,508.33,63.17,7.13,512.24
2026-06-05T15:00:33.914,33.915,133,WA,Chest,0x55,2,133,0.275,+0.238,-0.942,+0.207,+0.4,-0.3,-16.6,+0.251,-0.945,+0.212,29.05,26,113,37,0,508.10,63.30,7.05,512.03
2026-06-05T15:00:34.170,34.170,134,WA,Chest,0x55,2,134,0.272,+0.155,-0.957,+0.166,+0.3,+0.2,-21.5,+0.161,-0.925,+0.188,29.14,26,114,36,0,509.35,63.21,7.13,513.26
2026-06-05T15:00:34.424,34.425,135,WA,Chest,0x55,2,135,0.286,+0.096,-0.998,+0.086,-1.3,+1.2,-20.1,+0.089,-0.959,+0.053,29.07,26,114,36,0,508.27,63.06,7.04,512.17
2026-06-05T15:00:34.679,34.680,136,WA,Chest,0x55,2,136,0.305,+0.017,-0.994,+0.039,-0.6,-0.4,-13.0,+0.003,-0.964,+0.013,29.13,26,114,36,0,510.01,63.26,7.10,513.92
2026-06-05T15:00:34.935,34.935,137,WA,Chest,0x55,2,137,0.296,-0.005,-0.997,+0.007,+0.1,-0.2,-4.0,+0.011,-0.936,+0.012,29.09,26,113,34,0,508.48,63.19,7.07,512.39
2026-06-05T15:00:35.189,35.190,138,WA,Chest,0x55,2,138,0.286,-0.009,-1.006,+0.006,+0.4,-0.1,-0.0,-0.009,-0.969,+0.041,29.03,26,113,35,0,509.12,63.14,7.04,513.02
2026-06-05T15:00:35.445,35.445,139,WA,Chest,0x55,2,139,0.313,-0.013,-1.011,+0.004,+0.9,+0.9,+0.7,+0.006,-1.020,-0.014,29.07,26,115,36,0,508.20,63.61,7.18,512.17
2026-06-05T15:00:35.700,35.700,140,WA,Chest,0x55,2,140,0.305,-0.002,-0.992,+0.000,-0.7,-0.1,+0.7,-0.002,-0.978,-0.049,29.13,26,114,35,0,508.56,63.25,7.08,512.48
2026-06-05T15:00:35.954,35.955,141,WA,Chest,0x55,2,141,0.291,-0.007,-1.007,-0.015,+0.7,+0.1,+1.1,-0.004,-0.948,-0.021,29.11,26,113,36,0,508.57,63.20,7.11,512.48
2026-06-05T15:00:36.210,36.210,142,WA,Chest,0x55,2,142,0.315,+0.004,-0.988,+0.003,+0.3,+0.5,-0.1,-0.024,-0.993,-0.035,29.13,26,114,35,0,509.03,63.35,7.04,512.96
2026-06-05T15:00:36.465,36.465,143,WA,Chest,0x55,2,143,0.294,+0.002,-1.004,+0.008,-0.3,+0.3,+1.4,-0.002,-0.949,-0.022,29.05,26,114,36,0,509.67,63.12,7.08,513.56
2026-06-05T15:00:36.719,36.720,144,WA,Chest,0x55,2,144,0.297,+0.014,-1.003,+0.001,-1.4,+0.3,+0.1,+0.018,-0.999,-0.029,29.14,26,114,36,0,508.89,63.22,7.00,512.80
2026-06-05T15:00:36.975,36.975,145,WA,Chest,0x55,2,145,0.291,+0.006,-0.993,-0.008,+0.3,+0.3,+1.1,+0.031,-0.937,-0.030,29.10,26,113,37,0,508.85,62.94,7.09,512.73
2026-06-05T15:00:37.230,37.230,146,WA,Chest,0x55,2,146,0.313,+0.000,-0.986,+0.002,+0.0,-0.5,+1.0,-0.001,-0.942,-0.029,29.11,26,111,37,0,509.72,63.14,7.09,513.62
2026-06-05T15:00:37.484,37.485,147,WA,Chest,0x55,2,147,0.305,+0.019,-0.982,+0.009,+0.5,+0.2,+0.3,+0.012,-0.951,+0.007,29.09,26,112,37,0,508.75,63.18,7.17,512.66
2026-06-05T15:00:37.740,37.740,148,WA,Chest,0x55,2,148,0.303,+0.003,-1.003,+0.014,+0.2,-2.1,+0.5,+0.001,-0.982,-0.008,29.10,26,113,36,0,508.74,63.26,7.10,512.66
2026-06-05T15:00:37.994,37.995,149,WA,Chest,0x55,2,149,0.301,+0.011,-1.012,+0.006,-1.3,-0.2,-1.5,+0.011,-0.965,+0.039,29.03,26,113,39,0,509.55,63.51,7.02,513.49
2026-06-05T15:00:38.250,38.250,150,WA,Chest,0x55,2,150,0.285,+0.003,-0.997,+0.021,-0.9,-0.2,-0.7,+0.008,-0.970,+0.019,29.03,25,110,36,0,509.16,63.30,7.10,513.08
2026-06-05T15:00:38.505,38.505,151,WA,Chest,0x55,2,151,0.310,+0.012,-0.995,+0.010,-0.5,-0.2,-0.0,+0.019,-0.954,-0.019,29.11,25,110,40,0,509.15,63.09,7.09,513.04
2026-06-05T15:00:38.759,38.760,152,WA,Chest,0x55,2,152,0.297,-0.002,-1.000,-0.012,-0.2,+0.1,+1.2,-0.001,-0.989,-0.003,29.14,25,111,36,0,509.27,63.54,7.11,513.22
2026-06-05T15:00:39.015,39.015,153,WA,Chest,0x55,2,153,0.316,-0.002,-0.994,-0.010,-0.1,+0.3,+1.5,-0.023,-0.991,+0.038,29.14,25,110,35,0,509.53,63.21,7.10,513.44
2026-06-05T15:00:39.270,39.270,154,WA,Chest,0x55,2,154,0.302,+0.008,-0.997,+0.003,-0.8,-0.5,-0.1,-0.013,-0.968,-0.029,29.05,25,112,35,0,509.46,63.03,7.08,513.35
2026-06-05T15:00:39.524,39.525,155,WA,Chest,0x55,2,155,0.301,-0.001,-1.009,+0.018,-0.5,+0.0,+0.6,+0.030,-0.940,+0.024,29.11,25,109,37,0,509.59,63.10,7.16,513.49
2026-06-05T15:00:39.780,39.780,156,WA,Chest,0x55,2,156,0.306,-0.003,-1.004,+0.008,-0.1,+0.2,+0.9,-0.001,-1.008,+0.002,29.10,25,110,36,0,508.98,62.81,7.10,512.84
2026-06-05T15:00:40.035,40.035,157,WA,Chest,0x55,2,157,0.304,-0.011,-0.999,-0.013,-0.1,-0.2,+0.2,-0.002,-0.949,-0.003,29.18,25,109,36,0,510.35,63.38,7.08,514.27
2026-06-05T15:00:40.289,40.290,158,WA,Chest,0x55,2,158,0.280,-0.008,-0.988,-0.016,+0.7,-0.4,+0.7,-0.009,-0.971,-0.040,29.08,25,109,38,0,509.15,63.18,7.03,513.05
2026-06-05T15:00:40.545,40.545,159,WA,Chest,0x55,2,159,0.298,+0.016,-1.006,-0.004,+0.1,-0.8,+1.2,+0.002,-0.992,-0.036,29.01,24,109,37,0,508.87,63.07,7.13,512.76
2026-06-05T15:00:40.799,40.800,160,WA,Chest,0x55,2,160,0.292,-0.011,-1.005,-0.023,+0.8,-0.3,+0.4,-0.039,-0.976,-0.014,29.11,24,107,40,0,509.24,63.33,7.14,513.16
2026-06-05T15:00:41.054,41.055,161,WA,Chest,0x55,2,161,0.295,+0.005,-1.011,-0.010,-0.5,-0.0,+0.9,-0.030,-0.970,+0.003,29.09,24,106,39,0,509.79,63.35,7.07,513.71
2026-06-05T15:00:41.310,41.310,162,WA,Chest,0x55,2,162,0.309,+0.004,-1.000,-0.013,+0.0,+0.8,+1.0,+0.016,-0.967,-0.010,29.05,24,106,39,0,509.77,63.36,7.10,513.69
2026-06-05T15:00:41.564,41.565,163,WA,Chest,0x55,2,163,0.296,-0.001,-0.993,+0.005,-0.3,+0.3,-0.3,-0.012,-0.938,-0.014,29.08,24,104,41,0,509.47,63.05,7.15,513.36
2026-06-05T15:00:41.820,41.820,164,WA,Chest,0x55,2,164,0.292,-0.000,-1.008,+0.016,+1.2,-1.0,+1.7,+0.008,-0.983,+0.003,29.02,24,104,41,0,509.14,63.11,7.04,513.03
2026-06-05T15:00:42.075,42.075,165,WA,Chest,0x55,2,165,0.297,-0.006,-1.032,+0.007,+0.1,-0.5,-0.3,-0.021,-0.997,+0.001,29.02,24,105,41,0,508.71,63.33,7.11,512.64
2026-06-05T15:00:42.329,42.330,166,WA,Chest,0x55,2,166,0.286,-0.003,-0.999,-0.000,-0.5,+0.6,-1.5,-0.015,-0.973,-0.004,29.01,24,104,41,0,509.39,63.23,7.11,513.30
2026-06-05T15:00:42.585,42.585,167,WA,Chest,0x55,2,167,0.297,-0.015,-0.999,+0.010,+1.0,+0.9,-1.3,-0.035,-0.982,+0.014,29.09,23,103,39,0,509.04,62.90,7.13,512.91
2026-06-05T15:00:42.840,42.840,168,WA,Chest,0x55,2,168,0.280,-0.020,-0.985,-0.014,+0.1,+0.1,-0.9,-0.015,-0.955,+0.032,28.99,23,102,42,0,507.93,63.38,7.03,511.87
2026-06-05T15:00:43.094,43.095,169,WA,Chest,0x55,2,169,0.315,-0.006,-1.001,+0.010,-0.6,+0.4,+0.4,-0.033,-0.962,-0.042,29.03,23,101,40,0,508.92,62.87,7.08,512.79
2026-06-05T15:00:43.350,43.350,170,WA,Chest,0x55,2,170,0.299,-0.024,-1.008,+0.021,+0.3,-0.4,-0.4,-0.019,-0.961,+0.005,29.10,23,103,40,0,508.52,63.06,7.04,512.41
2026-06-05T15:00:43.605,43.605,171,WA,Chest,0x55,2,171,0.308,-0.007,-1.000,+0.004,+0.3,+0.9,-0.7,+0.007,-0.965,+0.015,28.98,23,101,41,0,508.19,63.13,7.12,512.09
2026-06-05T15:00:43.859,43.860,172,WA,Chest,0x55,2,172,0.290,-0.016,-0.990,-0.005,-1.1,-0.6,+1.0,-0.031,-0.967,+0.013,29.02,23,99,44,0,508.84,63.03,7.03,512.73
2026-06-05T15:00:44.115,44.115,173,WA,Chest,0x55,2,173,0.305,-0.002,-0.995,+0.004,-0.4,+0.1,-0.0,-0.016,-0.972,-0.012,28.96,22,99,42,0,508.02,63.48,7.18,511.97
2026-06-05T15:00:44.369,44.370,174,WA,Chest,0x55,2,174,0.297,-0.014,-0.992,+0.001,+0.3,+0.2,+0.7,-0.020,-0.909,-0.018,29.00,22,98,41,0,508.35,63.57,7.11,512.31
2026-06-05T15:00:44.625,44.625,175,WA,Chest,0x55,2,175,0.307,-0.007,-1.007,+0.005,-1.1,+0.4,-1.1,+0.015,-0.987,+0.012,29.04,22,98,43,0,508.19,63.53,7.03,512.15
2026-06-05T15:00:44.880,44.880,176,WA,Chest,0x55,2,176,0.291,+0.004,-0.997,-0.006,-0.0,-0.5,-0.6,+0.010,-0.974,-0.023,28.96,22,97,41,0,508.71,62.97,7.12,512.59
2026-06-05T15:00:45.134,45.135,177,WA,Chest,0x55,2,177,0.303,+0.010,-1.009,+0.007,-0.3,-0.7,+0.5,+0.029,-0.994,-0.007,29.09,22,98,44,0,508.35,63.16,7.07,512.26
2026-06-05T15:00:45.390,45.390,178,WA,Chest,0x55,2,178,0.296,-0.004,-1.006,-0.004,+0.1,+0.5,-0.5,-0.018,-0.951,+0.016,29.01,22,97,45,0,508.72,63.39,7.16,512.66
2026-06-05T15:00:45.645,45.645,179,WA,Chest,0x55,2,179,0.290,-0.001,-1.005,+0.011,+0.7,+1.6,-0.7,-0.060,-0.970,+0.011,28.95,21,95,45,0,509.42,63.30,7.12,513.34
2026-06-05T15:00:45.899,45.900,180,WA,Chest,0x55,2,180,0.304,+0.001,-1.006,-0.015,+0.5,-0.6,-2.5,-0.016,-1.000,-0.050,28.96,21,95,45,0,508.72,63.35,7.11,512.65
2026-06-05T15:00:46.155,46.155,181,WA,Chest,0x55,2,181,0.295,+0.000,-1.004,+0.009,+0.3,-0.7,-0.4,+0.011,-0.962,-0.015,29.03,21,92,42,0,508.94,63.32,7.11,512.86
2026-06-05T15:00:46.410,46.410,182,WA,Chest,0x55,2,182,0.291,+0.001,-1.001,-0.017,-0.4,+0.4,-0.1,-0.001,-0.944,-0.004,28.95,21,93,43,0,508.34,63.28,7.21,512.27
2026-06-05T15:00:46.664,46.665,183,WA,Chest,0x55,2,183,0.302,+0.012,-1.000,+0.007,+0.2,+0.1,-0.7,+0.067,-0.983,+0.021,28.99,21,92,44,0,508.84,63.37,7.14,512.77
2026-06-05T15:00:46.920,46.920,184,WA,Chest,0x55,2,184,0.300,+0.004,-0.990,+0.001,+0.1,+1.1,+0.2,+0.020,-0.960,-0.011,29.00,20,90,44,0,508.95,63.40,7.09,512.88
2026-06-05T15:00:47.175,47.175,185,WA,Chest,0x55,2,185,0.306,+0.002,-0.999,+0.010,-1.3,+0.5,+0.3,-0.000,-0.948,+0.014,28.91,20,91,44,0,509.53,63.26,7.07,513.44
2026-06-05T15:00:47.429,47.430,186,WA,Chest,0x55,2,186,0.289,+0.001,-0.994,+0.005,-0.2,+0.8,+1.2,+0.020,-0.976,+0.047,28.92,20,89,43,0,508.85,62.76,7.04,512.71
2026-06-05T15:00:47.685,47.685,187,WA,Chest,0x55,2,187,0.299,+0.005,-0.996,+0.009,+0.1,-0.7,+0.3,+0.022,-0.939,-0.001,28.96,20,87,46,0,509.31,63.15,7.07,513.21
2026-06-05T15:00:47.939,47.940,188,WA,Chest,0x55,2,188,0.289,+0.005,-1.007,-0.009,-0.1,+0.2,-0.0,+0.006,-0.996,+0.020,28.94,20,89,47,0,509.97,63.58,7.06,513.92
2026-06-05T15:00:48.195,48.195,189,WA,Chest,0x55,2,189,0.298,-0.003,-0.993,+0.015,+0.3,-0.6,-0.6,+0.012,-0.932,-0.005,28.97,20,88,46,0,509.00,63.05,7.06,512.89
2026-06-05T15:00:48.450,48.450,190,WA,Chest,0x55,2,190,0.309,-0.011,-0.997,-0.005,+0.3,+0.7,-0.8,+0.040,-0.964,-0.015,28.91,19,86,46,0,509.03,63.08,7.09,512.92
2026-06-05T15:00:48.704,48.705,191,WA,Chest,0x55,2,191,0.307,-0.015,-1.000,-0.002,+0.6,+0.3,-0.4,-0.013,-0.957,+0.003,28.94,19,86,44,0,508.84,63.56,7.15,512.79
2026-06-05T15:00:48.960,48.960,192,WA,Chest,0x55,2,192,0.312,+0.006,-1.007,+0.008,-0.2,-0.3,-1.8,+0.031,-0.986,-0.003,28.98,19,86,49,0,509.45,63.36,7.08,513.38
2026-06-05T15:00:49.215,49.215,193,WA,Chest,0x55,2,193,0.310,+0.000,-0.989,-0.009,+0.5,-0.9,+2.0,+0.038,-0.970,+0.006,28.91,19,85,47,0,508.43,63.12,7.12,512.33
2026-06-05T15:00:49.469,49.470,194,WA,Chest,0x55,2,194,0.293,+0.017,-1.005,-0.003,+0.3,+0.1,-0.7,+0.033,-0.961,+0.029,28.95,19,82,50,0,509.76,63.16,7.12,513.66
2026-06-05T15:00:49.725,49.725,195,WA,Chest,0x55,2,195,0.305,-0.007,-0.999,-0.007,+0.5,+0.2,-0.5,-0.017,-0.955,+0.011,28.88,18,83,49,0,509.56,63.45,7.07,513.49
2026-06-05T15:00:49.980,49.980,196,WA,Chest,0x55,2,196,0.296,-0.005,-1.008,-0.015,-0.5,-0.6,+0.4,-0.018,-0.960,-0.032,28.91,18,83,48,0,508.68,63.18,7.11,512.59
2026-06-05T15:00:50.234,50.235,197,WA,Chest,0x55,2,197,0.295,+0.006,-1.000,-0.020,-1.3,+0.5,-0.6,+0.016,-0.982,-0.021,28.86,18,81,52,0,508.96,63.39,7.11,512.89
2026-06-05T15:00:50.490,50.490,198,WA,Chest,0x55,2,198,0.310,-0.015,-0.990,-0.014,-0.6,+0.3,-0.7,-0.019,-0.997,-0.011,28.88,18,81,48,0,509.86,63.08,7.14,513.75
2026-06-05T15:00:50.744,50.745,199,WA,Chest,0x55,2,199,0.303,+0.004,-0.991,-0.002,-1.2,-0.4,-1.7,+0.010,-0.965,+0.015,28.85,18,78,50,0,508.82,62.99,7.03,512.70
2026-06-05T15:00:51.000,51.000,200,WA,Chest,0x55,2,200,0.314,-0.018,-0.988,+0.009,-0.3,+0.7,+0.7,-0.014,-0.979,-0.007,28.94,18,80,48,0,508.80,63.24,7.11,512.71
2026-06-05T15:00:51.255,51.255,201,WA,Chest,0x55,2,201,0.294,+0.006,-1.006,-0.001,-1.0,+0.8,-1.0,+0.001,-0.979,+0.043,28.89,17,79,50,0,508.73,63.04,7.16,512.62
2026-06-05T15:00:51.509,51.510,202,WA,Chest,0x55,2,202,0.297,-0.003,-1.003,+0.001,+0.0,+0.0,+0.5,+0.020,-0.981,-0.020,28.89,17,76,50,0,509.39,63.10,7.18,513.28
2026-06-05T15:00:51.765,51.765,203,WA,Chest,0x55,2,203,0.307,+0.009,-1.006,-0.007,-0.5,+0.4,+0.7,+0.007,-1.023,-0.021,28.87,17,75,49,0,508.58,63.03,7.10,512.47
2026-06-05T15:00:52.020,52.020,204,WA,Chest,0x55,2,204,0.287,-0.014,-0.988,+0.006,-0.3,+0.0,-0.6,+0.006,-0.963,-0.020,28.97,17,76,53,0,509.15,63.15,7.12,513.06
2026-06-05T15:00:52.274,52.275,205,WA,Chest,0x55,2,205,0.288,-0.003,-1.006,-0.012,-0.1,+0.7,+0.7,-0.011,-0.992,-0.004,28.90,17,75,50,0,509.02,63.86,7.15,513.01
2026-06-05T15:00:52.530,52.530,206,WA,Chest,0x55,2,206,0.304,+0.016,-0.994,-0.001,-0.4,+0.6,-0.1,+0.014,-0.976,+0.025,28.90,17,75,49,0,509.68,63.43,7.12,513.62
2026-06-05T15:00:52.785,52.785,207,WA,Chest,0x55,2,207,0.283,+0.007,-1.015,-0.002,-1.0,-0.9,-0.7,+0.011,-0.979,+0.035,28.92,16,74,50,0,509.09,63.44,7.15,513.03
2026-06-05T15:00:53.039,53.040,208,WA,Chest,0x55,2,208,0.280,+0.007,-0.988,-0.003,-0.1,-0.7,-0.7,+0.015,-0.941,-0.011,28.85,16,75,49,0,509.83,63.35,7.01,513.75
2026-06-05T15:00:53.295,53.295,209,WA,Chest,0x55,2,209,0.315,+0.005,-1.005,-0.005,+0.4,+0.5,-0.3,-0.016,-0.980,+0.012,28.86,16,73,50,0,508.98,63.27,7.07,512.90
2026-06-05T15:00:53.550,53.550,210,WA,Chest,0x55,2,210,0.295,-0.005,-0.997,+0.007,-0.1,-0.7,+1.7,-0.012,-0.969,+0.001,28.96,16,73,53,0,508.76,62.92,7.07,512.63
2026-06-05T15:00:53.804,53.805,211,WA,Chest,0x55,2,211,0.308,-0.003,-0.987,+0.011,+0.1,+1.1,+1.1,-0.032,-0.962,+0.022,28.94,16,72,52,0,508.64,63.36,7.06,512.57
2026-06-05T15:00:54.060,54.060,212,WA,Chest,0x55,2,212,0.300,+0.021,-1.002,-0.003,+0.3,-0.2,+0.3,+0.040,-0.922,+0.003,28.82,16,71,55,0,509.02,63.01,7.11,512.90
2026-06-05T15:00:54.314,54.315,213,WA,Chest,0x55,2,213,0.292,+0.019,-1.009,+0.003,-0.8,-1.0,+0.6,+0.044,-1.007,+0.004,28.91,16,71,51,0,509.19,62.66,7.10,513.03
2026-06-05T15:00:54.570,54.570,214,WA,Chest,0x55,2,214,0.310,+0.005,-0.991,+0.014,+0.2,-0.6,-1.5,+0.014,-0.965,+0.002,28.94,15,71,53,0,508.57,63.28,7.10,512.50
2026-06-05T15:00:54.825,54.825,215,WA,Chest,0x55,2,215,0.306,-0.000,-1.008,+0.005,-0.6,-0.1,-0.9,-0.020,-0.966,+0.004,28.93,15,69,51,0,508.93,63.01,7.11,512.81
2026-06-05T15:00:55.079,55.080,216,WA,Chest,0x55,2,216,0.280,-0.016,-1.000,+0.004,+0.5,+0.4,+0.2,-0.022,-0.980,-0.025,28.90,15,70,54,0,509.00,63.38,7.11,512.93
2026-06-05T15:00:55.335,55.335,217,WA,Chest,0x55,2,217,0.318,+0.016,-1.007,+0.002,-0.3,-1.0,-1.4,+0.012,-0.972,+0.016,28.84,15,69,55,0,509.47,62.93,7.12,513.35
2026-06-05T15:00:55.590,55.590,218,WA,Chest,0x55,2,218,0.302,+0.004,-0.989,+0.018,+0.9,+0.3,+0.9,-0.021,-0.938,+0.029,28.92,15,67,54,0,508.86,63.11,7.14,512.76
2026-06-05T15:00:55.844,55.845,219,WA,Chest,0x55,2,219,0.289,-0.003,-0.990,+0.004,-0.6,+0.4,-0.1,-0.012,-0.953,-0.005,28.91,15,68,53,0,508.84,63.57,7.11,512.79
2026-06-05T15:00:56.100,56.100,220,WA,Chest,0x55,2,220,0.294,-0.005,-1.001,+0.012,-0.1,-0.1,-0.9,+0.050,-0.981,-0.005,28.92,15,67,51,0,508.21,63.24,7.11,512.13
2026-06-05T15:00:56.355,56.355,221,WA,Chest,0x55,2,221,0.309,+0.004,-1.003,+0.005,-1.0,-1.6,+0.2,-0.021,-0.996,-0.009,28.87,15,67,52,0,509.75,63.22,7.12,513.66
2026-06-05T15:00:56.609,56.610,222,WA,Chest,0x55,2,222,0.306,+0.011,-1.000,+0.004,+1.2,-0.1,+0.1,+0.020,-0.966,+0.025,28.86,15,66,52,0,508.47,63.47,7.16,512.41
2026-06-05T15:00:56.865,56.865,223,WA,Chest,0x55,2,223,0.279,+0.010,-0.996,+0.001,+0.6,+0.0,-0.5,+0.019,-0.921,+0.008,29.01,15,65,55,0,509.29,63.23,7.07,513.20
2026-06-05T15:00:57.120,57.120,224,WA,Chest,0x55,2,224,0.299,-0.016,-1.001,-0.002,-0.1,+0.7,+0.4,-0.016,-0.972,+0.040,28.93,14,65,54,0,508.26,62.98,7.07,512.15
2026-06-05T15:00:57.375,57.375,225,WA,Chest,0x55,2,225,0.297,+0.009,-1.011,-0.023,+0.4,+0.7,+0.3,+0.019,-0.992,-0.049,28.92,14,65,55,0,508.95,63.29,7.12,512.87
2026-06-05T15:00:57.630,57.630,226,WA,Chest,0x55,2,226,0.297,+0.008,-1.004,-0.005,+0.3,+0.8,+0.6,-0.002,-0.983,+0.026,28.94,14,64,54,0,508.02,63.33,7.10,511.95
2026-06-05T15:00:57.884,57.885,227,WA,Chest,0x55,2,227,0.314,+0.003,-1.001,+0.004,-0.6,-0.0,-0.2,+0.026,-0.956,+0.007,28.95,14,66,53,0,508.63,63.39,7.06,512.57
2026-06-05T15:00:58.140,58.140,228,WA,Chest,0x55,2,228,0.291,+0.002,-0.990,+0.009,-0.6,+0.5,-0.5,+0.038,-0.952,+0.019,28.91,14,65,56,0,508.98,63.08,7.15,512.88
2026-06-05T15:00:58.395,58.395,229,WA,Chest,0x55,2,229,0.304,+0.006,-1.002,+0.002,+0.4,-0.5,+1.1,+0.001,-0.977,-0.008,28.99,14,65,52,0,508.34,63.07,7.11,512.24
2026-06-05T15:00:58.649,58.650,230,WA,Chest,0x55,2,230,0.297,-0.006,-1.008,-0.015,-0.1,+0.0,+0.3,-0.060,-0.958,-0.005,28.92,14,65,50,0,508.75,63.32,7.14,512.68
2026-06-05T15:00:58.905,58.905,231,WA,Chest,0x55,2,231,0.291,+0.009,-0.995,+0.006,+0.9,+0.2,-0.6,-0.017,-0.975,+0.015,28.93,14,63,52,0,509.03,63.19,7.17,512.93
2026-06-05T15:00:59.160,59.160,232,WA,Chest,0x55,2,232,0.304,+0.020,-1.009,-0.008,+0.5,-0.5,+1.8,+0.039,-0.976,-0.029,29.03,14,64,56,0,509.22,63.07,7.13,513.11
2026-06-05T15:00:59.414,59.415,233,WA,Chest,0x55,2,233,0.319,-0.002,-0.989,-0.015,-0.6,-0.0,+0.9,-0.005,-0.972,+0.007,29.05,14,65,54,0,508.96,62.76,7.07,512.81
2026-06-05T15:00:59.670,59.670,234,WA,Chest,0x55,2,234,0.303,-0.008,-1.005,+0.014,+0.1,+0.3,-1.4,-0.018,-0.968,+0.044,29.00,14,64,55,0,509.70,63.40,7.15,513.62
2026-06-05T15:00:59.925,59.925,235,WA,Chest,0x55,2,235,0.298,-0.004,-0.995,-0.003,+0.7,+0.2,-0.0,-0.002,-0.964,-0.037,28.99,14,64,58,0,509.32,63.38,7.08,513.25
2026-06-05T15:01:00.179,60.180,236,WA,Chest,0x55,2,236,0.307,-0.000,-1.007,+0.001,+0.3,+0.3,+0.4,-0.000,-1.001,-0.012,29.00,14,65,55,0,508.53,63.13,7.17,512.43
2026-06-05T15:01:00.435,60.435,237,WA,Chest,0x55,2,237,0.288,-0.001,-0.995,+0.011,-0.4,-0.0,-0.1,-0.008,-0.982,+0.007,28.95,14,64,54,0,509.47,62.93,7.12,513.34
2026-06-05T15:01:00.689,60.690,238,WA,Chest,0x55,2,238,0.297,-0.007,-0.992,-0.007,-0.3,+0.1,+0.7,-0.006,-0.961,-0.015,29.06,14,63,54,0,509.18,63.00,7.14,513.06
2026-06-05T15:01:00.945,60.945,239,WA,Chest,0x55,2,239,0.294,-0.020,-1.005,+0.016,-0.2,+1.2,-0.9,-0.019,-1.001,-0.022,29.01,14,65,55,0,508.99,63.16,7.20,512.90
2026-06-05T15:01:01.200,61.200,240,WA,Chest,0x55,2,240,0.298,-0.018,-0.998,+0.005,-0.2,+0.1,-1.5,-0.009,-1.022,+0.013,29.09,14,65,54,0,509.79,63.46,7.13,513.73
2026-06-05T15:01:01.454,61.455,241,WA,Chest,0x55,2,241,0.303,-0.008,-1.011,+0.012,-0.4,+0.2,-0.2,+0.007,-0.966,-0.019,29.02,14,66,55,0,509.34,63.26,7.09,513.26
2026-06-05T15:01:01.710,61.710,242,WA,Chest,0x55,2,242,0.299,+0.011,-1.005,+0.002,-0.5,+0.5,-1.2,+0.005,-0.942,-0.024,29.02,14,64,56,0,509.05,63.18,7.06,512.95
2026-06-05T15:01:01.965,61.965,243,WA,Chest,0x55,2,243,0.303,-0.004,-1.011,+0.019,-0.3,-0.7,+0.7,-0.005,-0.964,+0.033,29.05,14,63,57,0,509.03,62.87,7.13,512.90
2026-06-05T15:01:02.219,62.220,244,WA,Chest,0x55,2,244,0.295,-0.013,-1.008,-0.002,-0.5,-0.3,+0.8,-0.009,-0.969,-0.027,29.01,14,64,54,0,509.42,63.12,7.08,513.32
2026-06-05T15:01:02.475,62.475,245,WA,Chest,0x55,2,245,0.282,+0.005,-0.999,-0.008,-0.5,-2.0,-0.1,+0.031,-0.973,+0.003,29.05,14,65,58,0,509.90,63.48,7.16,513.83
2026-06-05T15:01:02.730,62.730,246,WA,Chest,0x55,2,246,0.314,-0.001,-0.989,-0.008,-0.1,-0.4,+0.0,-0.006,-0.922,-0.049,29.14,14,64,55,0,509.09,63.16,7.10,512.99
2026-06-05T15:01:02.984,62.985,247,WA,Chest,0x55,2,247,0.305,-0.003,-0.993,+0.019,-0.1,+0.0,+0.4,+0.020,-0.952,+0.027,29.15,14,66,54,0,509.17,62.92,7.20,513.04
2026-06-05T15:01:03.240,63.240,248,WA,Chest,0x55,2,248,0.282,+0.005,-0.998,-0.016,-0.0,-0.3,+2.0,-0.021,-0.945,-0.041,29.07,14,63,52,0,509.78,63.19,7.11,513.68
2026-06-05T15:01:03.495,63.495,249,WA,Chest,0x55,2,249,0.294,+0.011,-1.017,-0.012,-0.2,+0.0,+0.4,+0.004,-0.977,-0.017,29.03,14,65,54,0,509.86,62.90,7.15,513.72
2026-06-05T15:01:03.750,63.750,250,WA,Chest,0x55,2,250,0.293,-0.003,-0.994,-0.006,-0.1,-0.3,+0.1,-0.006,-0.964,+0.006,29.05,14,64,52,0,509.32,63.58,7.10,513.27
2026-06-05T15:01:04.004,64.005,251,WA,Chest,0x55,2,251,0.299,+0.006,-0.996,-0.003,+0.1,-0.0,+0.8,-0.043,-1.006,+0.041,29.03,14,65,55,0,510.17,62.99,7.09,514.05
2026-06-05T15:01:04.260,64.260,252,WA,Chest,0x55,2,252,0.294,-0.007,-1.010,-0.004,-0.6,-0.4,+0.4,+0.000,-0.964,-0.054,29.11,14,64,53,0,509.35,63.37,7.18,513.28
2026-06-05T15:01:04.515,64.515,253,WA,Chest,0x55,2,253,0.301,+0.005,-1.002,-0.004,-0.4,-0.8,-0.6,+0.015,-0.988,+0.008,29.06,14,63,56,0,509.66,63.41,7.09,513.59
2026-06-05T15:01:04.769,64.770,254,WA,Chest,0x55,2,254,0.309,-0.013,-0.987,+0.012,-0.5,+0.1,-0.9,-0.031,-0.968,-0.032,29.09,14,63,57,0,509.62,62.84,7.04,513.48
