timestamp_iso,t_s,round,node,label,present_mask_hex,version,node_seq,distance_m,ax_g,ay_g,az_g,gx_dps,gy_dps,gz_dps,hx_g,hy_g,hz_g,imu_temp_c,ppg_hr_bpm,ppg_spo2_pct,ppg_quality
2026-06-05T15:00:00.000,0.000,0,WE,R_Wrist,0x03,2,0,0.603,+0.143,-1.002,-0.005,-0.0,+0.3,+1.4,+0.102,-0.962,+0.023,28.98,64,98,91
2026-06-05T15:00:00.255,0.255,1,WE,R_Wrist,0x03,2,1,0.597,+0.182,-0.980,-0.004,-0.2,+0.6,+0.6,+0.159,-0.973,+0.029,29.00,64,98,90
2026-06-05T15:00:00.510,0.510,2,WE,R_Wrist,0x03,2,2,0.620,+0.196,-1.037,-0.031,-1.0,+0.6,+0.4,+0.177,-1.000,-0.014,29.03,66,98,89
2026-06-05T15:00:00.765,0.765,3,WE,R_Wrist,0x03,2,3,0.603,+0.207,-1.000,-0.021,-1.6,-0.5,-1.4,+0.161,-0.993,-0.020,29.01,64,98,89
2026-06-05T15:00:01.020,1.020,4,WE,R_Wrist,0x03,2,4,0.599,+0.162,-0.994,-0.001,-0.7,-1.2,+1.3,+0.123,-0.954,-0.016,28.99,64,98,92
2026-06-05T15:00:01.274,1.275,5,WE,R_Wrist,0x03,2,5,0.597,+0.179,-0.996,+0.009,+2.1,+1.0,-0.5,+0.198,-0.960,-0.003,28.97,65,98,90
2026-06-05T15:00:01.530,1.530,6,WE,R_Wrist,0x03,2,6,0.594,+0.222,-0.999,+0.050,-1.1,-0.6,+1.2,+0.166,-0.979,+0.067,28.99,64,98,87
2026-06-05T15:00:01.785,1.785,7,WE,R_Wrist,0x03,2,7,0.609,+0.142,-1.023,+0.007,+1.2,-2.0,+0.5,+0.145,-0.991,-0.007,29.01,65,98,92
2026-06-05T15:00:02.040,2.040,8,WE,R_Wrist,0x03,2,8,0.597,+0.178,-0.977,-0.001,+0.1,+1.2,-3.3,+0.160,-0.984,+0.001,28.99,64,98,91
2026-06-05T15:00:02.294,2.295,9,WE,R_Wrist,0x03,2,9,0.600,+0.215,-0.980,-0.011,+2.5,+0.7,+0.1,+0.207,-0.960,-0.039,29.05,65,98,92
2026-06-05T15:00:02.549,2.550,10,WE,R_Wrist,0x03,2,10,0.612,+0.182,-1.009,-0.000,-0.4,+1.5,+0.3,+0.179,-0.979,-0.005,29.04,64,98,89
2026-06-05T15:00:02.805,2.805,11,WE,R_Wrist,0x03,2,11,0.608,+0.108,-0.998,+0.006,+1.3,-0.7,+1.4,+0.086,-0.971,-0.032,29.07,63,98,91
2026-06-05T15:00:03.060,3.060,12,WE,R_Wrist,0x03,2,12,0.600,+0.184,-1.027,+0.004,-0.2,+0.6,-0.8,+0.179,-1.018,+0.024,28.98,64,98,90
2026-06-05T15:00:03.314,3.315,13,WE,R_Wrist,0x03,2,13,0.607,+0.174,-1.000,+0.031,-0.9,+2.0,+0.9,+0.162,-0.998,+0.036,29.10,64,98,93
2026-06-05T15:00:03.570,3.570,14,WE,R_Wrist,0x03,2,14,0.585,+0.194,-1.020,-0.010,+1.4,-2.3,+1.1,+0.213,-1.001,-0.001,29.08,65,98,89
2026-06-05T15:00:03.825,3.825,15,WE,R_Wrist,0x03,2,15,0.579,+0.139,-1.014,-0.019,-0.6,-0.9,+1.1,+0.110,-0.979,-0.020,29.05,63,98,89
2026-06-05T15:00:04.080,4.080,16,WE,R_Wrist,0x03,2,16,0.596,+0.199,-0.981,+0.031,-0.4,+1.4,+1.6,+0.196,-0.969,+0.051,29.07,65,98,90
2026-06-05T15:00:04.334,4.335,17,WE,R_Wrist,0x03,2,17,0.618,+0.159,-0.992,-0.034,-0.3,-0.9,-3.4,+0.110,-0.966,-0.033,29.08,64,98,86
2026-06-05T15:00:04.589,4.590,18,WE,R_Wrist,0x03,2,18,0.588,+0.188,-0.996,+0.029,-0.4,-0.7,+0.8,+0.176,-0.969,+0.011,29.08,63,98,92
2026-06-05T15:00:04.844,4.845,19,WE,R_Wrist,0x03,2,19,0.593,+0.193,-0.995,-0.012,+1.5,-0.0,+1.1,+0.178,-0.955,-0.010,29.14,63,98,87
2026-06-05T15:00:05.099,5.100,20,WE,R_Wrist,0x03,2,20,0.603,+0.185,-1.000,+0.019,+0.5,+0.4,+9.4,+0.176,-0.991,-0.005,29.05,63,98,92
2026-06-05T15:00:05.355,5.355,21,WE,R_Wrist,0x03,2,21,0.619,+0.208,-0.957,+0.006,+0.0,-0.1,+18.0,+0.177,-0.898,+0.001,29.05,65,98,92
2026-06-05T15:00:05.610,5.610,22,WE,R_Wrist,0x03,2,22,0.612,+0.290,-1.019,+0.098,+0.1,+1.4,+22.2,+0.307,-1.031,+0.077,29.10,64,98,90
2026-06-05T15:00:05.865,5.865,23,WE,R_Wrist,0x03,2,23,0.583,+0.398,-0.976,+0.120,+0.8,-1.1,+21.5,+0.399,-0.905,+0.133,29.04,65,98,87
2026-06-05T15:00:06.120,6.120,24,WE,R_Wrist,0x03,2,24,0.570,+0.468,-0.921,+0.162,-0.4,+0.3,+15.4,+0.491,-0.871,+0.202,29.00,66,98,89
2026-06-05T15:00:06.375,6.375,25,WE,R_Wrist,0x03,2,25,0.571,+0.517,-0.900,+0.221,-1.3,-0.4,+6.7,+0.457,-0.864,+0.245,29.11,66,98,95
2026-06-05T15:00:06.629,6.630,26,WE,R_Wrist,0x03,2,26,0.559,+0.543,-0.872,+0.219,-1.2,+2.4,-6.1,+0.535,-0.864,+0.191,29.16,68,98,88
2026-06-05T15:00:06.884,6.885,27,WE,R_Wrist,0x03,2,27,0.562,+0.481,-0.961,+0.195,-2.1,+1.2,-17.2,+0.455,-0.964,+0.193,29.15,66,98,89
2026-06-05T15:00:07.140,7.140,28,WE,R_Wrist,0x03,2,28,0.579,+0.387,-0.953,+0.138,-0.2,-1.8,-26.4,+0.367,-0.908,+0.127,29.08,68,98,88
2026-06-05T15:00:07.395,7.395,29,WE,R_Wrist,0x03,2,29,0.594,+0.289,-0.991,+0.101,-2.6,+0.3,-24.4,+0.274,-0.959,+0.108,29.17,69,98,85
2026-06-05T15:00:07.650,7.650,30,WE,R_Wrist,0x03,2,30,0.622,+0.245,-1.044,+0.057,-2.2,-1.3,-16.7,+0.215,-1.009,+0.075,29.01,71,98,89
2026-06-05T15:00:07.905,7.905,31,WE,R_Wrist,0x03,2,31,0.600,+0.168,-1.025,-0.026,+0.8,+0.4,-4.9,+0.153,-0.981,-0.043,29.15,71,98,86
2026-06-05T15:00:08.160,8.160,32,WE,R_Wrist,0x03,2,32,0.612,+0.215,-0.999,+0.022,+1.1,-0.1,+7.2,+0.225,-0.963,-0.018,29.07,72,98,89
2026-06-05T15:00:08.415,8.415,33,WE,R_Wrist,0x03,2,33,0.589,+0.225,-1.004,+0.006,-0.5,-0.9,+19.2,+0.231,-0.955,+0.027,29.10,76,98,92
2026-06-05T15:00:08.669,8.670,34,WE,R_Wrist,0x03,2,34,0.578,+0.355,-0.989,+0.098,+1.3,-0.5,+25.5,+0.307,-0.945,+0.120,29.09,76,97,91
2026-06-05T15:00:08.925,8.925,35,WE,R_Wrist,0x03,2,35,0.565,+0.409,-0.958,+0.140,+0.6,+0.1,+22.1,+0.408,-0.899,+0.094,29.14,74,98,88
2026-06-05T15:00:09.179,9.180,36,WE,R_Wrist,0x03,2,36,0.597,+0.525,-0.933,+0.198,+0.1,+2.2,+16.5,+0.517,-0.886,+0.185,29.11,77,98,87
2026-06-05T15:00:09.435,9.435,37,WE,R_Wrist,0x03,2,37,0.595,+0.543,-0.929,+0.210,+1.6,-1.4,-0.3,+0.514,-0.892,+0.202,29.09,79,97,87
2026-06-05T15:00:09.689,9.690,38,WE,R_Wrist,0x03,2,38,0.566,+0.506,-0.932,+0.222,+0.7,+0.3,-9.5,+0.485,-0.907,+0.194,29.08,80,97,85
2026-06-05T15:00:09.945,9.945,39,WE,R_Wrist,0x03,2,39,0.547,+0.489,-0.906,+0.169,-0.3,-0.2,-22.5,+0.488,-0.889,+0.155,29.05,82,97,90
2026-06-05T15:00:10.199,10.200,40,WE,R_Wrist,0x03,2,40,0.558,+0.358,-1.014,+0.128,-2.4,+0.4,-23.0,+0.362,-0.966,+0.129,29.11,85,97,88
2026-06-05T15:00:10.455,10.455,41,WE,R_Wrist,0x03,2,41,0.599,+0.276,-0.986,+0.084,+2.0,-1.1,-23.0,+0.247,-0.950,+0.078,29.08,84,97,86
2026-06-05T15:00:10.710,10.710,42,WE,R_Wrist,0x03,2,42,0.591,+0.232,-1.006,+0.015,+1.0,-1.4,-14.0,+0.195,-0.994,+0.018,29.15,86,97,87
2026-06-05T15:00:10.964,10.965,43,WE,R_Wrist,0x03,2,43,0.587,+0.140,-1.029,-0.004,-0.5,+1.5,-1.8,+0.141,-0.990,-0.002,29.09,89,97,87
2026-06-05T15:00:11.220,11.220,44,WE,R_Wrist,0x03,2,44,0.609,+0.197,-0.979,+0.006,+0.5,+0.1,+9.4,+0.204,-0.972,+0.044,29.03,91,97,85
2026-06-05T15:00:11.474,11.475,45,WE,R_Wrist,0x03,2,45,0.615,+0.234,-0.990,+0.044,+0.4,-0.8,+19.9,+0.224,-0.964,+0.024,29.08,92,96,86
2026-06-05T15:00:11.730,11.730,46,WE,R_Wrist,0x03,2,46,0.562,+0.339,-0.975,+0.099,+0.5,+1.0,+25.5,+0.331,-0.929,+0.141,29.07,93,97,87
2026-06-05T15:00:11.984,11.985,47,WE,R_Wrist,0x03,2,47,0.581,+0.444,-0.934,+0.146,-0.4,-0.8,+22.6,+0.441,-0.867,+0.164,29.04,95,97,88
2026-06-05T15:00:12.240,12.240,48,WE,R_Wrist,0x03,2,48,0.568,+0.517,-0.939,+0.192,+0.5,+0.7,+11.3,+0.488,-0.880,+0.147,29.00,96,96,83
2026-06-05T15:00:12.495,12.495,49,WE,R_Wrist,0x03,2,49,0.569,+0.564,-0.934,+0.198,-0.7,+2.7,-1.2,+0.535,-0.905,+0.187,29.10,98,97,85
2026-06-05T15:00:12.750,12.750,50,WE,R_Wrist,0x03,2,50,0.579,+0.524,-0.901,+0.199,+1.8,-2.0,-13.1,+0.486,-0.862,+0.195,29.12,99,96,83
2026-06-05T15:00:13.005,13.005,51,WE,R_Wrist,0x03,2,51,0.574,+0.422,-0.906,+0.172,-1.4,-0.8,-23.3,+0.384,-0.879,+0.178,28.97,100,96,83
2026-06-05T15:00:13.259,13.260,52,WE,R_Wrist,0x03,2,52,0.592,+0.346,-0.962,+0.114,-2.4,+0.1,-26.0,+0.337,-0.938,+0.092,29.05,101,97,80
2026-06-05T15:00:13.515,13.515,53,WE,R_Wrist,0x03,2,53,0.581,+0.256,-0.999,+0.049,+0.3,-0.4,-20.0,+0.225,-0.955,+0.076,29.02,103,96,84
2026-06-05T15:00:13.769,13.770,54,WE,R_Wrist,0x03,2,54,0.609,+0.214,-0.963,+0.008,-0.5,-1.5,-11.8,+0.255,-0.930,+0.000,29.05,105,97,82
2026-06-05T15:00:14.025,14.025,55,WE,R_Wrist,0x03,2,55,0.607,+0.186,-0.990,-0.014,+0.1,-1.2,+0.6,+0.174,-0.939,-0.003,28.94,106,96,83
2026-06-05T15:00:14.280,14.280,56,WE,R_Wrist,0x03,2,56,0.602,+0.243,-0.978,+0.011,+1.9,+0.0,+12.6,+0.223,-0.923,+0.017,28.99,109,96,82
2026-06-05T15:00:14.535,14.535,57,WE,R_Wrist,0x03,2,57,0.570,+0.271,-0.995,+0.079,+0.5,+0.1,+21.4,+0.303,-0.986,+0.086,28.97,108,96,87
2026-06-05T15:00:14.790,14.790,58,WE,R_Wrist,0x03,2,58,0.584,+0.355,-0.998,+0.149,+0.7,-0.6,+26.1,+0.308,-0.950,+0.181,28.92,110,96,81
2026-06-05T15:00:15.044,15.045,59,WE,R_Wrist,0x03,2,59,0.597,+0.474,-0.956,+0.204,+1.1,+0.1,+22.7,+0.442,-0.924,+0.181,28.98,110,96,82
2026-06-05T15:00:15.300,15.300,60,WE,R_Wrist,0x03,2,60,0.553,+0.528,-0.892,+0.213,+0.8,+0.4,+9.3,+0.504,-0.836,+0.210,28.93,111,96,83
2026-06-05T15:00:15.554,15.555,61,WE,R_Wrist,0x03,2,61,0.553,+0.544,-0.919,+0.225,+1.3,+0.7,-2.6,+0.511,-0.886,+0.224,29.00,113,96,83
2026-06-05T15:00:15.810,15.810,62,WE,R_Wrist,0x03,2,62,0.579,+0.501,-0.908,+0.181,-0.3,-2.6,-15.2,+0.463,-0.880,+0.155,29.01,114,96,83
2026-06-05T15:00:16.065,16.065,63,WE,R_Wrist,0x03,2,63,0.587,+0.418,-0.949,+0.137,-0.6,+0.3,-25.9,+0.405,-0.925,+0.130,28.91,114,96,81
2026-06-05T15:00:16.320,16.320,64,WE,R_Wrist,0x03,2,64,0.575,+0.298,-0.989,+0.087,+0.2,-0.5,-25.6,+0.300,-0.966,+0.114,29.02,112,96,86
2026-06-05T15:00:16.574,16.575,65,WE,R_Wrist,0x03,2,65,0.595,+0.253,-0.978,+0.043,-0.1,-1.2,-18.2,+0.251,-0.941,+0.044,29.01,113,96,84
2026-06-05T15:00:16.830,16.830,66,WE,R_Wrist,0x03,2,66,0.578,+0.169,-1.008,-0.012,-2.4,-0.1,-6.2,+0.156,-0.946,-0.010,28.95,113,96,85
2026-06-05T15:00:17.085,17.085,67,WE,R_Wrist,0x03,2,67,0.600,+0.190,-1.024,+0.010,-1.1,-0.4,+2.1,+0.176,-1.004,+0.013,28.97,114,96,80
2026-06-05T15:00:17.339,17.340,68,WE,R_Wrist,0x03,2,68,0.585,+0.211,-1.005,-0.015,-0.7,+0.7,+14.7,+0.188,-0.970,-0.049,28.94,114,96,82
2026-06-05T15:00:17.594,17.595,69,WE,R_Wrist,0x03,2,69,0.587,+0.291,-0.974,+0.074,-0.7,+0.5,+26.1,+0.286,-0.963,+0.093,28.98,114,96,81
2026-06-05T15:00:17.850,17.850,70,WE,R_Wrist,0x03,2,70,0.582,+0.392,-0.950,+0.142,-0.3,+1.1,+24.5,+0.359,-0.907,+0.118,28.99,113,96,85
2026-06-05T15:00:18.105,18.105,71,WE,R_Wrist,0x03,2,71,0.574,+0.484,-0.932,+0.197,-0.5,+0.1,+17.3,+0.483,-0.911,+0.186,28.99,113,96,82
2026-06-05T15:00:18.359,18.360,72,WE,R_Wrist,0x03,2,72,0.564,+0.519,-0.948,+0.208,-0.4,-0.0,+5.2,+0.481,-0.931,+0.183,28.99,113,95,84
2026-06-05T15:00:18.615,18.615,73,WE,R_Wrist,0x03,2,73,0.563,+0.543,-0.910,+0.199,-0.3,-0.1,-5.4,+0.497,-0.875,+0.198,28.92,114,96,81
2026-06-05T15:00:18.870,18.870,74,WE,R_Wrist,0x03,2,74,0.573,+0.481,-0.927,+0.178,-0.6,-0.8,-17.8,+0.439,-0.924,+0.171,28.92,113,95,79
2026-06-05T15:00:19.125,19.125,75,WE,R_Wrist,0x03,2,75,0.563,+0.406,-0.961,+0.147,+1.8,-1.7,-25.6,+0.370,-0.959,+0.155,28.88,114,96,80
2026-06-05T15:00:19.379,19.380,76,WE,R_Wrist,0x03,2,76,0.600,+0.297,-1.012,+0.061,-0.4,-0.3,-24.0,+0.262,-1.008,+0.057,28.94,115,96,86
2026-06-05T15:00:19.635,19.635,77,WE,R_Wrist,0x03,2,77,0.613,+0.221,-0.985,+0.037,-0.1,+0.7,-18.1,+0.210,-0.957,+0.033,28.91,113,96,80
2026-06-05T15:00:19.890,19.890,78,WE,R_Wrist,0x03,2,78,0.609,+0.156,-1.024,-0.007,+0.3,-0.8,-7.7,+0.139,-1.011,+0.012,28.89,114,96,80
2026-06-05T15:00:20.144,20.145,79,WE,R_Wrist,0x03,2,79,0.576,+0.189,-1.010,-0.040,-2.2,-1.0,+8.0,+0.169,-0.994,-0.009,28.91,114,96,83
2026-06-05T15:00:20.399,20.400,80,WE,R_Wrist,0x03,2,80,0.595,+0.221,-1.005,+0.038,-0.5,-0.9,+17.3,+0.222,-0.980,+0.062,28.89,114,96,81
2026-06-05T15:00:20.655,20.655,81,WE,R_Wrist,0x03,2,81,0.578,+0.308,-0.987,+0.077,+2.6,-0.5,+25.0,+0.278,-0.912,+0.102,28.89,114,96,81
2026-06-05T15:00:20.910,20.910,82,WE,R_Wrist,0x03,2,82,0.608,+0.415,-0.969,+0.153,+0.8,-2.2,+23.9,+0.418,-0.933,+0.183,28.92,114,96,83
2026-06-05T15:00:21.164,21.165,83,WE,R_Wrist,0x03,2,83,0.556,+0.517,-0.935,+0.175,-0.9,-0.4,+13.2,+0.481,-0.922,+0.127,28.94,113,96,82
2026-06-05T15:00:21.420,21.420,84,WE,R_Wrist,0x03,2,84,0.556,+0.548,-0.891,+0.203,-1.2,+1.4,+4.9,+0.503,-0.877,+0.196,28.90,114,96,85
2026-06-05T15:00:21.675,21.675,85,WE,R_Wrist,0x03,2,85,0.588,+0.518,-0.902,+0.198,-1.0,-0.8,-10.5,+0.489,-0.883,+0.165,28.86,114,96,83
2026-06-05T15:00:21.929,21.930,86,WE,R_Wrist,0x03,2,86,0.578,+0.466,-0.913,+0.171,-0.3,+0.6,-21.3,+0.456,-0.870,+0.172,28.94,114,96,81
2026-06-05T15:00:22.184,22.185,87,WE,R_Wrist,0x03,2,87,0.565,+0.413,-0.966,+0.127,-0.9,-1.5,-25.9,+0.398,-0.924,+0.146,28.89,115,96,81
2026-06-05T15:00:22.440,22.440,88,WE,R_Wrist,0x03,2,88,0.602,+0.263,-0.963,+0.080,+1.2,+0.7,-25.1,+0.248,-0.926,+0.080,28.86,114,96,81
2026-06-05T15:00:22.695,22.695,89,WE,R_Wrist,0x03,2,89,0.611,+0.207,-1.024,+0.025,-2.1,+0.4,-13.1,+0.171,-0.997,+0.030,28.94,114,96,82
2026-06-05T15:00:22.949,22.950,90,WE,R_Wrist,0x03,2,90,0.588,+0.166,-1.008,-0.001,+0.9,+0.4,-2.8,+0.146,-0.995,-0.017,28.93,114,96,83
2026-06-05T15:00:23.205,23.205,91,WE,R_Wrist,0x03,2,91,0.587,+0.183,-1.001,-0.012,+0.4,+1.3,+9.3,+0.156,-0.986,+0.009,28.88,115,96,80
2026-06-05T15:00:23.460,23.460,92,WE,R_Wrist,0x03,2,92,0.574,+0.251,-1.030,+0.060,+2.7,+0.7,+19.0,+0.249,-0.995,+0.066,28.93,114,96,80
2026-06-05T15:00:23.714,23.715,93,WE,R_Wrist,0x03,2,93,0.580,+0.348,-0.965,+0.085,+1.5,-0.8,+23.1,+0.308,-0.946,+0.077,28.90,114,96,82
2026-06-05T15:00:23.969,23.970,94,WE,R_Wrist,0x03,2,94,0.569,+0.451,-0.953,+0.147,-1.1,-0.6,+19.8,+0.414,-0.937,+0.149,28.90,114,96,84
2026-06-05T15:00:24.225,24.225,95,WE,R_Wrist,0x03,2,95,0.586,+0.469,-0.926,+0.204,+0.6,-0.1,+11.8,+0.458,-0.885,+0.188,28.90,114,96,82
2026-06-05T15:00:24.480,24.480,96,WE,R_Wrist,0x03,2,96,0.590,+0.510,-0.921,+0.217,+0.8,-0.5,+3.0,+0.501,-0.885,+0.176,28.97,115,96,85
2026-06-05T15:00:24.734,24.735,97,WE,R_Wrist,0x03,2,97,0.565,+0.527,-0.895,+0.182,-0.9,+0.8,-11.6,+0.498,-0.866,+0.182,28.94,113,96,86
2026-06-05T15:00:24.990,24.990,98,WE,R_Wrist,0x03,2,98,0.579,+0.480,-0.941,+0.143,-1.7,-0.9,-19.8,+0.465,-0.925,+0.168,28.92,114,96,80
2026-06-05T15:00:25.245,25.245,99,WE,R_Wrist,0x03,2,99,0.568,+0.358,-0.989,+0.087,-0.3,-1.5,-24.2,+0.333,-0.982,+0.070,28.98,114,96,85
2026-06-05T15:00:25.500,25.500,100,WE,R_Wrist,0x03,2,100,0.584,+0.272,-1.017,+0.050,-0.6,+1.3,-19.3,+0.311,-0.997,+0.003,28.91,113,96,83
2026-06-05T15:00:25.754,25.755,101,WE,R_Wrist,0x03,2,101,0.591,+0.217,-1.008,+0.033,-0.4,+0.3,-13.4,+0.180,-0.998,+0.042,28.89,115,96,86
2026-06-05T15:00:26.010,26.010,102,WE,R_Wrist,0x03,2,102,0.584,+0.176,-1.013,-0.009,-1.7,+2.0,+2.1,+0.188,-0.978,+0.005,28.93,114,96,87
2026-06-05T15:00:26.265,26.265,103,WE,R_Wrist,0x03,2,103,0.601,+0.189,-1.010,-0.001,-1.1,+1.0,+16.6,+0.174,-0.980,-0.007,28.89,115,96,84
2026-06-05T15:00:26.519,26.520,104,WE,R_Wrist,0x03,2,104,0.596,+0.264,-0.959,+0.029,+0.9,-3.2,+23.0,+0.264,-0.948,+0.010,28.93,114,96,88
2026-06-05T15:00:26.775,26.775,105,WE,R_Wrist,0x03,2,105,0.589,+0.366,-0.970,+0.130,+1.2,+1.3,+26.3,+0.308,-0.918,+0.107,28.91,114,96,81
2026-06-05T15:00:27.030,27.030,106,WE,R_Wrist,0x03,2,106,0.560,+0.440,-0.926,+0.173,+0.6,-1.1,+19.0,+0.424,-0.902,+0.154,28.98,114,96,84
2026-06-05T15:00:27.285,27.285,107,WE,R_Wrist,0x03,2,107,0.590,+0.492,-0.898,+0.181,+1.4,-0.0,+12.9,+0.515,-0.874,+0.216,28.99,114,96,81
2026-06-05T15:00:27.539,27.540,108,WE,R_Wrist,0x03,2,108,0.583,+0.534,-0.932,+0.188,+0.4,-0.4,-2.1,+0.489,-0.921,+0.168,28.90,114,96,83
2026-06-05T15:00:27.795,27.795,109,WE,R_Wrist,0x03,2,109,0.594,+0.493,-0.949,+0.185,-1.6,+0.5,-14.2,+0.498,-0.933,+0.136,28.88,113,96,80
2026-06-05T15:00:28.050,28.050,110,WE,R_Wrist,0x03,2,110,0.570,+0.402,-0.972,+0.169,+0.0,-0.7,-22.9,+0.394,-0.970,+0.177,28.91,114,96,79
2026-06-05T15:00:28.304,28.305,111,WE,R_Wrist,0x03,2,111,0.573,+0.347,-0.974,+0.126,-1.1,+2.2,-25.4,+0.300,-0.981,+0.098,28.93,114,96,85
2026-06-05T15:00:28.560,28.560,112,WE,R_Wrist,0x03,2,112,0.588,+0.264,-1.005,+0.029,+0.7,+3.1,-22.1,+0.252,-0.975,+0.024,28.92,113,96,80
2026-06-05T15:00:28.815,28.815,113,WE,R_Wrist,0x03,2,113,0.604,+0.198,-0.992,+0.029,+1.9,-1.0,-9.5,+0.179,-0.940,+0.020,28.93,114,96,84
2026-06-05T15:00:29.070,29.070,114,WE,R_Wrist,0x03,2,114,0.611,+0.201,-1.048,+0.012,+0.2,-0.5,+4.1,+0.202,-1.032,+0.014,28.99,113,96,85
2026-06-05T15:00:29.324,29.325,115,WE,R_Wrist,0x03,2,115,0.588,+0.207,-1.008,+0.028,-0.3,-0.1,+15.5,+0.225,-0.944,+0.040,28.99,114,96,81
2026-06-05T15:00:29.580,29.580,116,WE,R_Wrist,0x03,2,116,0.569,+0.302,-1.009,+0.049,+1.1,+1.0,+20.6,+0.312,-0.973,+0.042,29.07,114,96,82
2026-06-05T15:00:29.835,29.835,117,WE,R_Wrist,0x03,2,117,0.591,+0.385,-0.988,+0.137,-0.5,+0.2,+21.8,+0.373,-0.953,+0.127,29.03,114,96,84
2026-06-05T15:00:30.089,30.090,118,WE,R_Wrist,0x03,2,118,0.587,+0.471,-0.942,+0.161,+1.2,-0.2,+19.0,+0.450,-0.961,+0.131,29.02,114,96,81
2026-06-05T15:00:30.344,30.345,119,WE,R_Wrist,0x03,2,119,0.570,+0.537,-0.895,+0.236,+1.4,+0.3,+6.2,+0.487,-0.858,+0.241,29.03,116,96,81
2026-06-05T15:00:30.600,30.600,120,WE,R_Wrist,0x03,2,120,0.552,+0.544,-0.910,+0.224,-0.5,-0.6,-6.5,+0.525,-0.902,+0.203,29.00,114,96,81
2026-06-05T15:00:30.855,30.855,121,WE,R_Wrist,0x03,2,121,0.596,+0.500,-0.941,+0.210,-0.5,-0.3,-16.5,+0.458,-0.904,+0.221,29.06,115,96,81
2026-06-05T15:00:31.109,31.110,122,WE,R_Wrist,0x03,2,122,0.570,+0.417,-0.928,+0.137,-1.7,-1.2,-25.4,+0.388,-0.892,+0.126,29.03,113,96,81
2026-06-05T15:00:31.365,31.365,123,WE,R_Wrist,0x03,2,123,0.568,+0.307,-0.994,+0.068,-1.7,-0.6,-23.9,+0.264,-0.970,+0.071,29.03,114,96,81
2026-06-05T15:00:31.620,31.620,124,WE,R_Wrist,0x03,2,124,0.595,+0.240,-1.016,+0.030,-0.9,-1.1,-17.0,+0.222,-0.970,+0.022,29.05,114,96,80
2026-06-05T15:00:31.875,31.875,125,WE,R_Wrist,0x03,2,125,0.615,+0.198,-0.975,-0.026,-1.6,-2.0,-5.7,+0.176,-0.947,-0.025,29.07,114,96,83
2026-06-05T15:00:32.130,32.130,126,WE,R_Wrist,0x03,2,126,0.596,+0.191,-0.996,+0.026,-1.6,-0.1,+9.9,+0.174,-0.954,+0.003,29.08,113,96,86
2026-06-05T15:00:32.384,32.385,127,WE,R_Wrist,0x03,2,127,0.607,+0.273,-0.956,+0.028,+1.8,+0.8,+17.0,+0.256,-0.925,+0.025,28.97,114,96,82
2026-06-05T15:00:32.640,32.640,128,WE,R_Wrist,0x03,2,128,0.582,+0.311,-0.955,+0.084,+1.2,+0.8,+21.1,+0.311,-0.883,+0.085,28.96,114,96,84
2026-06-05T15:00:32.895,32.895,129,WE,R_Wrist,0x03,2,129,0.586,+0.396,-0.940,+0.140,-0.4,+0.8,+27.6,+0.374,-0.917,+0.105,29.06,115,96,82
2026-06-05T15:00:33.149,33.150,130,WE,R_Wrist,0x03,2,130,0.579,+0.485,-0.951,+0.213,+0.1,-1.5,+15.2,+0.444,-0.888,+0.224,29.04,114,96,83
2026-06-05T15:00:33.405,33.405,131,WE,R_Wrist,0x03,2,131,0.586,+0.512,-0.928,+0.208,-0.2,-1.4,+5.2,+0.494,-0.876,+0.198,29.03,114,96,83
2026-06-05T15:00:33.660,33.660,132,WE,R_Wrist,0x03,2,132,0.571,+0.520,-0.889,+0.224,+0.4,+0.6,-8.2,+0.491,-0.853,+0.201,29.12,114,96,82
2026-06-05T15:00:33.914,33.915,133,WE,R_Wrist,0x03,2,133,0.586,+0.496,-0.949,+0.144,-0.5,-0.7,-15.0,+0.506,-0.932,+0.163,29.05,114,96,84
2026-06-05T15:00:34.170,34.170,134,WE,R_Wrist,0x03,2,134,0.569,+0.379,-0.952,+0.109,-2.4,+1.2,-24.7,+0.360,-0.901,+0.117,29.14,115,96,79
2026-06-05T15:00:34.424,34.425,135,WE,R_Wrist,0x03,2,135,0.591,+0.331,-0.970,+0.037,-0.7,-0.5,-23.6,+0.290,-0.934,+0.060,29.07,113,96,79
2026-06-05T15:00:34.679,34.680,136,WE,R_Wrist,0x03,2,136,0.607,+0.203,-0.985,+0.010,+0.0,-2.3,-14.8,+0.197,-0.941,+0.011,29.13,116,96,82
2026-06-05T15:00:34.935,34.935,137,WE,R_Wrist,0x03,2,137,0.613,+0.165,-0.996,-0.004,-1.4,+0.5,-6.0,+0.167,-0.923,-0.022,29.09,115,96,84
2026-06-05T15:00:35.189,35.190,138,WE,R_Wrist,0x03,2,138,0.592,+0.146,-1.005,-0.011,+0.1,+0.4,-1.6,+0.123,-0.979,-0.008,29.03,114,96,86
2026-06-05T15:00:35.445,35.445,139,WE,R_Wrist,0x03,2,139,0.607,+0.164,-0.984,+0.008,-0.5,-0.5,-2.0,+0.148,-0.966,+0.031,29.07,116,96,79
2026-06-05T15:00:35.700,35.700,140,WE,R_Wrist,0x03,2,140,0.612,+0.200,-0.974,-0.004,-2.7,-1.9,+0.5,+0.207,-0.926,-0.051,29.13,113,96,84
2026-06-05T15:00:35.954,35.955,141,WE,R_Wrist,0x03,2,141,0.624,+0.176,-1.030,+0.015,+0.8,-2.1,-0.9,+0.141,-1.015,+0.028,29.11,113,96,82
2026-06-05T15:00:36.210,36.210,142,WE,R_Wrist,0x03,2,142,0.606,+0.179,-0.976,+0.011,-0.2,-0.9,+0.1,+0.166,-0.931,+0.012,29.13,113,96,81
2026-06-05T15:00:36.465,36.465,143,WE,R_Wrist,0x03,2,143,0.595,+0.162,-1.008,-0.033,-0.0,+0.8,+0.3,+0.166,-0.964,-0.031,29.05,114,96,85
2026-06-05T15:00:36.719,36.720,144,WE,R_Wrist,0x03,2,144,0.583,+0.163,-1.002,+0.004,+1.0,-0.8,-1.4,+0.150,-0.955,-0.001,29.14,113,96,85
2026-06-05T15:00:36.975,36.975,145,WE,R_Wrist,0x03,2,145,0.611,+0.201,-0.968,-0.018,+0.4,-0.9,+2.6,+0.185,-0.921,-0.051,29.10,112,96,83
2026-06-05T15:00:37.230,37.230,146,WE,R_Wrist,0x03,2,146,0.609,+0.188,-0.985,-0.023,+0.1,+0.9,+1.8,+0.177,-0.952,-0.020,29.11,114,96,81
2026-06-05T15:00:37.484,37.485,147,WE,R_Wrist,0x03,2,147,0.614,+0.161,-1.009,-0.026,-0.0,-0.9,+1.3,+0.153,-0.956,-0.023,29.09,111,96,82
2026-06-05T15:00:37.740,37.740,148,WE,R_Wrist,0x03,2,148,0.598,+0.158,-0.977,-0.023,-0.6,+1.6,-0.1,+0.139,-0.942,-0.023,29.10,111,96,80
2026-06-05T15:00:37.994,37.995,149,WE,R_Wrist,0x03,2,149,0.604,+0.163,-0.982,+0.029,-1.6,+0.7,-0.7,+0.131,-0.975,-0.005,29.03,111,96,84
2026-06-05T15:00:38.250,38.250,150,WE,R_Wrist,0x03,2,150,0.605,+0.149,-1.003,+0.019,+1.7,-1.5,-0.6,+0.143,-0.974,+0.015,29.03,111,96,82
2026-06-05T15:00:38.505,38.505,151,WE,R_Wrist,0x03,2,151,0.617,+0.184,-1.016,+0.004,-1.8,+0.9,-1.0,+0.194,-0.969,-0.018,29.11,111,96,80
2026-06-05T15:00:38.759,38.760,152,WE,R_Wrist,0x03,2,152,0.604,+0.160,-0.995,+0.027,-2.2,-0.3,+0.5,+0.197,-0.956,+0.045,29.14,112,96,83
2026-06-05T15:00:39.015,39.015,153,WE,R_Wrist,0x03,2,153,0.598,+0.180,-1.001,-0.022,-1.9,+1.7,+1.3,+0.166,-0.945,+0.003,29.14,111,96,81
2026-06-05T15:00:39.270,39.270,154,WE,R_Wrist,0x03,2,154,0.620,+0.186,-0.987,+0.022,-0.8,-1.2,-1.0,+0.213,-0.949,+0.003,29.05,110,96,82
2026-06-05T15:00:39.524,39.525,155,WE,R_Wrist,0x03,2,155,0.588,+0.205,-1.024,-0.010,-1.3,+1.8,+0.1,+0.203,-1.020,-0.026,29.11,110,96,82
2026-06-05T15:00:39.780,39.780,156,WE,R_Wrist,0x03,2,156,0.590,+0.171,-1.001,-0.011,+0.7,-1.0,+0.5,+0.139,-1.006,-0.011,29.10,110,96,84
2026-06-05T15:00:40.035,40.035,157,WE,R_Wrist,0x03,2,157,0.576,+0.167,-1.014,+0.014,-1.0,-0.9,-0.5,+0.166,-1.007,+0.032,29.18,109,96,83
2026-06-05T15:00:40.289,40.290,158,WE,R_Wrist,0x03,2,158,0.600,+0.169,-0.990,+0.016,+0.8,-0.6,+0.2,+0.172,-0.946,+0.050,29.08,108,96,85
2026-06-05T15:00:40.545,40.545,159,WE,R_Wrist,0x03,2,159,0.596,+0.175,-1.023,-0.008,-0.3,+0.7,-1.3,+0.199,-0.985,-0.009,29.01,106,96,83
2026-06-05T15:00:40.799,40.800,160,WE,R_Wrist,0x03,2,160,0.608,+0.179,-1.018,-0.012,-0.2,+0.3,+0.1,+0.106,-0.988,+0.012,29.11,107,96,82
2026-06-05T15:00:41.054,41.055,161,WE,R_Wrist,0x03,2,161,0.597,+0.167,-0.987,-0.007,-0.8,+0.4,+2.2,+0.139,-0.976,-0.029,29.09,107,96,81
2026-06-05T15:00:41.310,41.310,162,WE,R_Wrist,0x03,2,162,0.573,+0.175,-1.003,-0.007,-0.5,+0.3,+2.7,+0.161,-0.965,+0.010,29.05,105,97,83
2026-06-05T15:00:41.564,41.565,163,WE,R_Wrist,0x03,2,163,0.601,+0.183,-0.992,+0.016,-0.0,-0.6,+2.5,+0.151,-0.979,-0.003,29.08,108,96,84
2026-06-05T15:00:41.820,41.820,164,WE,R_Wrist,0x03,2,164,0.598,+0.136,-0.969,+0.043,-1.1,+0.1,+2.6,+0.134,-0.924,+0.062,29.02,104,96,85
2026-06-05T15:00:42.075,42.075,165,WE,R_Wrist,0x03,2,165,0.598,+0.179,-0.974,+0.001,-0.1,-0.4,+2.4,+0.189,-0.978,-0.012,29.02,104,96,83
2026-06-05T15:00:42.329,42.330,166,WE,R_Wrist,0x03,2,166,0.585,+0.178,-0.998,+0.015,+0.3,-0.2,+1.8,+0.193,-0.975,-0.016,29.01,104,97,80
2026-06-05T15:00:42.585,42.585,167,WE,R_Wrist,0x03,2,167,0.606,+0.189,-1.019,+0.017,+0.6,+0.2,-0.4,+0.164,-1.005,-0.013,29.09,103,96,82
2026-06-05T15:00:42.840,42.840,168,WE,R_Wrist,0x03,2,168,0.602,+0.187,-0.977,-0.024,+1.0,+0.6,-1.2,+0.213,-0.924,-0.008,28.99,102,97,83
2026-06-05T15:00:43.094,43.095,169,WE,R_Wrist,0x03,2,169,0.571,+0.152,-1.022,+0.022,+1.1,-0.5,+0.2,+0.152,-0.976,+0.017,29.03,101,97,85
2026-06-05T15:00:43.350,43.350,170,WE,R_Wrist,0x03,2,170,0.592,+0.153,-0.993,+0.027,+0.4,+2.8,-0.3,+0.170,-0.976,+0.041,29.10,100,96,85
2026-06-05T15:00:43.605,43.605,171,WE,R_Wrist,0x03,2,171,0.609,+0.178,-0.985,-0.026,-0.3,+1.1,+0.7,+0.158,-0.948,-0.012,28.98,100,97,88
2026-06-05T15:00:43.859,43.860,172,WE,R_Wrist,0x03,2,172,0.591,+0.184,-0.991,+0.016,-0.4,-0.2,+0.7,+0.151,-0.950,+0.034,29.02,100,97,87
2026-06-05T15:00:44.115,44.115,173,WE,R_Wrist,0x03,2,173,0.577,+0.148,-0.984,-0.005,-0.7,+0.2,+1.2,+0.102,-0.990,+0.002,28.96,98,97,84
2026-06-05T15:00:44.369,44.370,174,WE,R_Wrist,0x03,2,174,0.599,+0.159,-0.969,+0.018,-1.0,+1.0,-0.8,+0.167,-0.928,+0.011,29.00,98,97,89
2026-06-05T15:00:44.625,44.625,175,WE,R_Wrist,0x03,2,175,0.613,+0.171,-1.003,+0.013,-1.2,+0.4,+0.5,+0.174,-0.943,+0.026,29.04,98,97,87
2026-06-05T15:00:44.880,44.880,176,WE,R_Wrist,0x03,2,176,0.581,+0.158,-0.995,-0.016,-0.5,-1.5,+0.2,+0.170,-0.959,+0.001,28.96,97,97,86
2026-06-05T15:00:45.134,45.135,177,WE,R_Wrist,0x03,2,177,0.602,+0.149,-0.990,-0.012,+0.8,-0.1,-0.3,+0.140,-0.958,-0.023,29.09,95,96,87
2026-06-05T15:00:45.390,45.390,178,WE,R_Wrist,0x03,2,178,0.603,+0.170,-0.996,+0.020,+0.6,+0.9,-1.0,+0.154,-0.965,+0.014,29.01,96,97,84
2026-06-05T15:00:45.645,45.645,179,WE,R_Wrist,0x03,2,179,0.598,+0.192,-1.003,-0.004,+1.6,+1.2,-0.8,+0.190,-1.008,+0.028,28.95,94,97,84
2026-06-05T15:00:45.899,45.900,180,WE,R_Wrist,0x03,2,180,0.576,+0.181,-0.976,+0.020,-0.3,-1.3,-0.3,+0.200,-0.933,+0.017,28.96,95,97,85
2026-06-05T15:00:46.155,46.155,181,WE,R_Wrist,0x03,2,181,0.599,+0.158,-1.006,-0.004,-1.3,-0.8,+0.6,+0.161,-0.965,+0.005,29.03,92,97,86
2026-06-05T15:00:46.410,46.410,182,WE,R_Wrist,0x03,2,182,0.622,+0.157,-0.994,-0.011,+0.4,-0.3,+1.7,+0.170,-0.996,-0.026,28.95,92,97,83
2026-06-05T15:00:46.664,46.665,183,WE,R_Wrist,0x03,2,183,0.606,+0.181,-0.982,-0.012,+1.0,-1.9,-1.6,+0.191,-0.983,-0.008,28.99,92,97,86
2026-06-05T15:00:46.920,46.920,184,WE,R_Wrist,0x03,2,184,0.640,+0.194,-1.005,-0.014,+0.9,+1.2,-2.0,+0.139,-0.956,-0.043,29.00,91,97,86
2026-06-05T15:00:47.175,47.175,185,WE,R_Wrist,0x03,2,185,0.573,+0.180,-1.009,+0.016,-1.0,+2.4,+2.1,+0.177,-0.967,-0.004,28.91,91,97,88
2026-06-05T15:00:47.429,47.430,186,WE,R_Wrist,0x03,2,186,0.604,+0.194,-0.999,-0.015,+0.1,-0.7,-0.4,+0.195,-0.981,-0.007,28.92,90,97,88
2026-06-05T15:00:47.685,47.685,187,WE,R_Wrist,0x03,2,187,0.600,+0.187,-0.969,+0.011,+1.0,+1.5,-1.4,+0.137,-0.957,+0.024,28.96,89,97,87
2026-06-05T15:00:47.939,47.940,188,WE,R_Wrist,0x03,2,188,0.598,+0.187,-0.977,-0.003,+0.1,-0.0,-0.7,+0.186,-0.947,+0.044,28.94,88,97,90
2026-06-05T15:00:48.195,48.195,189,WE,R_Wrist,0x03,2,189,0.605,+0.145,-0.962,-0.012,+0.7,-1.6,+2.6,+0.181,-0.940,-0.031,28.97,88,97,87
2026-06-05T15:00:48.450,48.450,190,WE,R_Wrist,0x03,2,190,0.614,+0.199,-0.998,-0.015,-1.2,-1.0,-0.0,+0.187,-1.026,-0.045,28.91,86,97,85
2026-06-05T15:00:48.704,48.705,191,WE,R_Wrist,0x03,2,191,0.587,+0.164,-0.992,+0.001,+0.1,-0.2,+1.5,+0.208,-0.954,+0.010,28.94,86,97,89
2026-06-05T15:00:48.960,48.960,192,WE,R_Wrist,0x03,2,192,0.599,+0.156,-1.018,+0.009,+1.0,-0.4,+1.8,+0.184,-0.991,-0.014,28.98,85,97,87
2026-06-05T15:00:49.215,49.215,193,WE,R_Wrist,0x03,2,193,0.606,+0.163,-1.012,-0.028,+1.8,+1.0,-0.3,+0.169,-1.015,-0.054,28.91,83,97,86
2026-06-05T15:00:49.469,49.470,194,WE,R_Wrist,0x03,2,194,0.613,+0.147,-1.010,-0.020,+1.0,+0.7,+1.0,+0.131,-0.942,+0.010,28.95,83,97,86
2026-06-05T15:00:49.725,49.725,195,WE,R_Wrist,0x03,2,195,0.591,+0.197,-1.006,-0.022,+1.4,-2.9,+1.7,+0.209,-0.970,+0.004,28.88,83,97,88
2026-06-05T15:00:49.980,49.980,196,WE,R_Wrist,0x03,2,196,0.607,+0.190,-1.029,-0.002,+0.1,+1.6,-1.2,+0.171,-0.991,-0.041,28.91,82,97,83
2026-06-05T15:00:50.234,50.235,197,WE,R_Wrist,0x03,2,197,0.590,+0.165,-0.986,-0.010,-1.3,-1.7,-3.9,+0.142,-0.943,-0.014,28.86,81,98,84
2026-06-05T15:00:50.490,50.490,198,WE,R_Wrist,0x03,2,198,0.605,+0.162,-1.010,-0.016,-1.5,-0.2,+0.9,+0.134,-0.974,-0.041,28.88,80,97,88
2026-06-05T15:00:50.744,50.745,199,WE,R_Wrist,0x03,2,199,0.593,+0.139,-0.985,+0.000,-0.7,+0.1,+2.0,+0.159,-0.941,+0.006,28.85,80,97,89
2026-06-05T15:00:51.000,51.000,200,WE,R_Wrist,0x03,2,200,0.583,+0.163,-0.987,-0.028,+1.8,+2.1,+0.6,+0.127,-0.937,+0.011,28.94,80,97,87
2026-06-05T15:00:51.255,51.255,201,WE,R_Wrist,0x03,2,201,0.617,+0.183,-0.986,-0.012,+0.4,+0.7,-2.6,+0.143,-0.960,+0.015,28.89,79,97,89
2026-06-05T15:00:51.509,51.510,202,WE,R_Wrist,0x03,2,202,0.591,+0.153,-0.986,+0.006,-1.8,-0.8,+1.1,+0.151,-0.953,-0.003,28.89,78,97,88
2026-06-05T15:00:51.765,51.765,203,WE,R_Wrist,0x03,2,203,0.584,+0.160,-1.005,+0.019,-1.3,+1.8,-1.5,+0.202,-0.972,+0.034,28.87,77,97,94
2026-06-05T15:00:52.020,52.020,204,WE,R_Wrist,0x03,2,204,0.605,+0.162,-0.988,-0.023,+0.4,-1.3,+0.4,+0.145,-0.984,-0.020,28.97,76,97,88
2026-06-05T15:00:52.274,52.275,205,WE,R_Wrist,0x03,2,205,0.600,+0.175,-1.004,+0.017,+0.2,-0.0,+1.6,+0.148,-0.985,+0.023,28.90,75,98,89
2026-06-05T15:00:52.530,52.530,206,WE,R_Wrist,0x03,2,206,0.610,+0.180,-0.985,+0.019,+0.1,-1.4,-1.9,+0.200,-0.952,-0.016,28.90,74,98,88
2026-06-05T15:00:52.785,52.785,207,WE,R_Wrist,0x03,2,207,0.585,+0.147,-0.987,+0.000,-1.4,-0.7,+2.0,+0.105,-0.946,+0.012,28.92,74,97,86
2026-06-05T15:00:53.039,53.040,208,WE,R_Wrist,0x03,2,208,0.592,+0.210,-0.998,+0.007,-0.1,-0.4,+0.2,+0.231,-0.937,+0.024,28.85,75,98,87
2026-06-05T15:00:53.295,53.295,209,WE,R_Wrist,0x03,2,209,0.623,+0.180,-1.019,-0.010,+0.2,-0.1,+0.2,+0.184,-0.987,-0.043,28.86,74,98,90
2026-06-05T15:00:53.550,53.550,210,WE,R_Wrist,0x03,2,210,0.610,+0.201,-1.014,-0.013,+0.4,-0.5,-2.7,+0.166,-1.007,-0.032,28.96,71,98,89
2026-06-05T15:00:53.804,53.805,211,WE,R_Wrist,0x03,2,211,0.582,+0.195,-0.994,-0.021,-0.5,+0.9,-0.7,+0.181,-0.957,-0.022,28.94,72,98,88
2026-06-05T15:00:54.060,54.060,212,WE,R_Wrist,0x03,2,212,0.590,+0.155,-1.001,-0.010,-1.1,-0.5,+2.3,+0.149,-0.989,+0.019,28.82,69,98,87
2026-06-05T15:00:54.314,54.315,213,WE,R_Wrist,0x03,2,213,0.603,+0.172,-0.993,-0.022,-0.1,-0.1,-0.3,+0.148,-1.009,-0.016,28.91,70,98,90
2026-06-05T15:00:54.570,54.570,214,WE,R_Wrist,0x03,2,214,0.574,+0.155,-0.969,+0.000,+0.7,+1.8,-0.6,+0.172,-0.933,-0.005,28.94,71,97,87
2026-06-05T15:00:54.825,54.825,215,WE,R_Wrist,0x03,2,215,0.592,+0.157,-0.986,+0.023,+0.6,-0.0,-0.9,+0.160,-0.960,+0.014,28.93,69,98,91
2026-06-05T15:00:55.079,55.080,216,WE,R_Wrist,0x03,2,216,0.609,+0.169,-1.014,-0.020,-1.8,-0.8,-0.5,+0.175,-0.959,-0.042,28.90,69,98,89
2026-06-05T15:00:55.335,55.335,217,WE,R_Wrist,0x03,2,217,0.609,+0.163,-0.979,+0.005,+0.9,-0.2,+0.3,+0.192,-0.924,+0.010,28.84,69,98,91
2026-06-05T15:00:55.590,55.590,218,WE,R_Wrist,0x03,2,218,0.574,+0.179,-0.960,+0.031,+0.5,-0.4,-0.3,+0.177,-0.911,+0.038,28.92,69,98,92
2026-06-05T15:00:55.844,55.845,219,WE,R_Wrist,0x03,2,219,0.587,+0.157,-0.977,+0.007,+1.1,+0.8,-0.8,+0.157,-0.947,+0.005,28.91,67,98,91
2026-06-05T15:00:56.100,56.100,220,WE,R_Wrist,0x03,2,220,0.592,+0.150,-0.987,-0.014,+0.8,-0.5,+1.4,+0.114,-0.977,-0.012,28.92,68,98,89
2026-06-05T15:00:56.355,56.355,221,WE,R_Wrist,0x03,2,221,0.576,+0.160,-1.000,+0.014,-0.5,+1.3,+0.5,+0.157,-0.939,+0.014,28.87,67,98,90
2026-06-05T15:00:56.609,56.610,222,WE,R_Wrist,0x03,2,222,0.592,+0.187,-0.985,+0.018,+0.5,-0.7,+3.2,+0.177,-0.936,+0.014,28.86,65,97,90
2026-06-05T15:00:56.865,56.865,223,WE,R_Wrist,0x03,2,223,0.597,+0.187,-1.005,+0.024,+0.2,+0.9,-2.0,+0.195,-0.934,+0.006,29.01,66,98,91
2026-06-05T15:00:57.120,57.120,224,WE,R_Wrist,0x03,2,224,0.592,+0.186,-1.011,+0.009,+1.6,-1.3,+1.4,+0.185,-0.986,-0.012,28.93,65,98,90
2026-06-05T15:00:57.375,57.375,225,WE,R_Wrist,0x03,2,225,0.595,+0.178,-1.031,+0.007,+0.7,+0.4,-1.3,+0.149,-0.990,-0.014,28.92,65,98,86
2026-06-05T15:00:57.630,57.630,226,WE,R_Wrist,0x03,2,226,0.601,+0.133,-1.034,+0.009,-1.7,-0.9,+2.1,+0.115,-0.998,+0.037,28.94,65,98,87
2026-06-05T15:00:57.884,57.885,227,WE,R_Wrist,0x03,2,227,0.588,+0.213,-0.981,+0.003,+0.7,+1.2,-4.4,+0.188,-0.963,-0.018,28.95,66,98,92
2026-06-05T15:00:58.140,58.140,228,WE,R_Wrist,0x03,2,228,0.612,+0.153,-0.987,-0.039,-2.1,+0.6,+0.7,+0.123,-1.010,-0.031,28.91,64,98,88
2026-06-05T15:00:58.395,58.395,229,WE,R_Wrist,0x03,2,229,0.584,+0.229,-0.979,+0.014,+0.2,-1.2,-0.3,+0.207,-0.962,+0.066,28.99,64,98,89
2026-06-05T15:00:58.649,58.650,230,WE,R_Wrist,0x03,2,230,0.634,+0.178,-1.018,-0.008,+0.2,-0.5,+0.9,+0.157,-0.980,-0.040,28.92,65,98,90
2026-06-05T15:00:58.905,58.905,231,WE,R_Wrist,0x03,2,231,0.588,+0.172,-1.016,+0.011,-1.1,-0.4,-1.7,+0.145,-0.999,-0.027,28.93,63,98,88
2026-06-05T15:00:59.160,59.160,232,WE,R_Wrist,0x03,2,232,0.593,+0.172,-1.014,+0.010,+0.9,+0.7,+0.2,+0.135,-0.954,+0.006,29.03,65,98,94
2026-06-05T15:00:59.414,59.415,233,WE,R_Wrist,0x03,2,233,0.603,+0.183,-0.997,-0.023,+1.2,-0.6,-2.4,+0.184,-1.005,-0.009,29.05,64,98,89
2026-06-05T15:00:59.670,59.670,234,WE,R_Wrist,0x03,2,234,0.583,+0.142,-1.003,+0.004,+0.4,+1.7,+1.1,+0.116,-0.958,+0.018,29.00,64,98,91
2026-06-05T15:00:59.925,59.925,235,WE,R_Wrist,0x03,2,235,0.586,+0.153,-1.005,+0.042,-0.4,+1.0,+1.0,+0.138,-0.998,+0.051,28.99,66,98,90
2026-06-05T15:01:00.179,60.180,236,WE,R_Wrist,0x03,2,236,0.577,+0.165,-0.957,-0.039,-2.7,+1.5,+0.1,+0.179,-0.905,-0.073,29.00,63,98,90
2026-06-05T15:01:00.435,60.435,237,WE,R_Wrist,0x03,2,237,0.607,+0.175,-0.950,+0.014,+1.0,-0.1,-1.2,+0.188,-0.921,+0.032,28.95,64,98,88
2026-06-05T15:01:00.689,60.690,238,WE,R_Wrist,0x03,2,238,0.612,+0.142,-0.987,-0.006,-0.0,+0.7,-1.0,+0.143,-0.957,-0.029,29.06,63,98,89
2026-06-05T15:01:00.945,60.945,239,WE,R_Wrist,0x03,2,239,0.594,+0.163,-0.988,+0.015,-1.9,+1.8,+2.2,+0.156,-0.960,+0.023,29.01,63,98,89
2026-06-05T15:01:01.200,61.200,240,WE,R_Wrist,0x03,2,240,0.582,+0.177,-1.009,-0.013,+0.7,+0.7,-1.9,+0.172,-0.985,-0.015,29.09,65,97,94
2026-06-05T15:01:01.454,61.455,241,WE,R_Wrist,0x03,2,241,0.620,+0.179,-1.024,-0.002,-0.0,+0.9,+2.9,+0.165,-0.984,+0.027,29.02,63,98,94
2026-06-05T15:01:01.710,61.710,242,WE,R_Wrist,0x03,2,242,0.600,+0.202,-0.990,+0.023,+0.0,+0.6,-0.7,+0.210,-0.971,+0.028,29.02,65,98,91
2026-06-05T15:01:01.965,61.965,243,WE,R_Wrist,0x03,2,243,0.591,+0.169,-0.985,-0.031,+1.9,+1.3,+0.4,+0.138,-0.956,-0.006,29.05,64,98,87
2026-06-05T15:01:02.219,62.220,244,WE,R_Wrist,0x03,2,244,0.606,+0.133,-0.993,-0.004,+0.3,-1.6,+0.2,+0.124,-0.954,+0.017,29.01,64,98,92
2026-06-05T15:01:02.475,62.475,245,WE,R_Wrist,0x03,2,245,0.620,+0.199,-1.020,+0.016,-1.1,-0.7,-0.8,+0.169,-0.978,+0.003,29.05,65,98,87
2026-06-05T15:01:02.730,62.730,246,WE,R_Wrist,0x03,2,246,0.599,+0.145,-0.993,+0.004,+0.9,-0.6,-1.4,+0.114,-0.951,+0.017,29.14,64,98,89
2026-06-05T15:01:02.984,62.985,247,WE,R_Wrist,0x03,2,247,0.594,+0.154,-1.008,-0.015,+0.4,+1.4,-0.3,+0.144,-0.976,-0.028,29.15,64,98,90
2026-06-05T15:01:03.240,63.240,248,WE,R_Wrist,0x03,2,248,0.591,+0.185,-0.969,+0.010,-0.7,-0.4,+2.9,+0.168,-0.966,-0.014,29.07,65,98,89
2026-06-05T15:01:03.495,63.495,249,WE,R_Wrist,0x03,2,249,0.612,+0.171,-0.994,+0.003,+0.2,+1.4,+2.3,+0.192,-0.975,-0.012,29.03,65,98,90
2026-06-05T15:01:03.750,63.750,250,WE,R_Wrist,0x03,2,250,0.616,+0.194,-0.980,+0.006,-0.9,-0.3,+0.1,+0.199,-0.936,-0.018,29.05,64,98,91
2026-06-05T15:01:04.004,64.005,251,WE,R_Wrist,0x03,2,251,0.605,+0.159,-1.043,+0.006,-0.8,-0.1,-1.5,+0.086,-0.971,+0.014,29.03,65,98,87
2026-06-05T15:01:04.260,64.260,252,WE,R_Wrist,0x03,2,252,0.598,+0.187,-1.008,+0.005,-0.3,+0.5,-0.1,+0.170,-0.999,-0.003,29.11,62,98,87
2026-06-05T15:01:04.515,64.515,253,WE,R_Wrist,0x03,2,253,0.614,+0.155,-0.988,+0.014,+0.8,-1.0,-0.5,+0.172,-0.958,+0.068,29.06,65,98,91
2026-06-05T15:01:04.769,64.770,254,WE,R_Wrist,0x03,2,254,0.588,+0.169,-1.002,-0.021,+1.0,-0.6,-0.9,+0.165,-0.992,+0.001,29.09,65,98,88
