timestamp_iso,t_s,round,node,label,present_mask_hex,version,node_seq,distance_m,ax_g,ay_g,az_g,gx_dps,gy_dps,gz_dps,hx_g,hy_g,hz_g,imu_temp_c,emg_rms_ch0,emg_rms_ch1,emg_rms_ch2,emg_rms_ch3
2026-06-05T15:00:00.000,0.000,0,WF,L_Knee,0x21,2,0,0.858,+0.009,-0.992,-0.009,+1.3,+1.5,-1.8,+0.011,-0.992,+0.020,28.98,0.021,0.032,0.021,0.028
2026-06-05T15:00:00.255,0.255,1,WF,L_Knee,0x21,2,1,0.856,+0.037,-0.995,-0.029,+0.2,+1.3,+1.9,+0.020,-0.954,-0.034,29.00,0.022,0.059,0.031,0.035
2026-06-05T15:00:00.510,0.510,2,WF,L_Knee,0x21,2,2,0.869,-0.041,-0.999,-0.000,-0.4,+1.3,-1.1,-0.038,-1.013,+0.004,29.03,0.039,0.042,0.028,0.039
2026-06-05T15:00:00.765,0.765,3,WF,L_Knee,0x21,2,3,0.841,+0.003,-0.998,-0.008,+1.6,-2.7,-0.0,-0.021,-0.933,-0.011,29.01,0.043,0.059,0.040,0.036
2026-06-05T15:00:01.020,1.020,4,WF,L_Knee,0x21,2,4,0.847,-0.008,-0.990,-0.010,+3.1,-1.5,-0.9,-0.008,-0.934,+0.034,28.99,0.044,0.037,0.041,0.032
2026-06-05T15:00:01.274,1.275,5,WF,L_Knee,0x21,2,5,0.835,+0.013,-0.985,+0.010,-3.9,-0.7,-5.0,+0.019,-0.957,+0.045,28.97,0.043,0.036,0.034,0.062
2026-06-05T15:00:01.530,1.530,6,WF,L_Knee,0x21,2,6,0.854,-0.003,-0.986,+0.022,-0.8,+1.7,-1.2,-0.024,-0.960,+0.008,28.99,0.045,0.028,0.035,0.034
2026-06-05T15:00:01.785,1.785,7,WF,L_Knee,0x21,2,7,0.848,-0.019,-1.000,-0.013,+1.4,+2.4,+2.6,-0.004,-0.961,-0.005,29.01,0.036,0.035,0.029,0.056
2026-06-05T15:00:02.040,2.040,8,WF,L_Knee,0x21,2,8,0.872,-0.014,-0.981,+0.014,-1.0,-1.4,-1.5,-0.040,-0.985,+0.033,28.99,0.032,0.045,0.026,0.040
2026-06-05T15:00:02.294,2.295,9,WF,L_Knee,0x21,2,9,0.869,+0.018,-1.002,+0.035,-2.7,+1.8,+0.3,+0.022,-0.936,+0.050,29.05,0.030,0.039,0.036,0.033
2026-06-05T15:00:02.549,2.550,10,WF,L_Knee,0x21,2,10,0.839,+0.013,-0.996,-0.022,-1.2,-1.9,+4.4,+0.007,-0.972,-0.033,29.04,0.027,0.029,0.027,0.050
2026-06-05T15:00:02.805,2.805,11,WF,L_Knee,0x21,2,11,0.867,-0.001,-1.013,-0.007,+3.4,-1.8,-1.2,-0.026,-0.965,-0.028,29.07,0.024,0.025,0.030,0.053
2026-06-05T15:00:03.060,3.060,12,WF,L_Knee,0x21,2,12,0.843,-0.016,-0.984,+0.005,-1.3,-1.9,-3.3,+0.006,-0.942,+0.027,28.98,0.023,0.038,0.025,0.032
2026-06-05T15:00:03.314,3.315,13,WF,L_Knee,0x21,2,13,0.850,-0.023,-0.998,-0.015,-0.4,-2.2,-3.7,-0.055,-0.996,-0.038,29.10,0.026,0.026,0.024,0.030
2026-06-05T15:00:03.570,3.570,14,WF,L_Knee,0x21,2,14,0.852,+0.003,-1.008,-0.001,+1.3,+1.9,-4.6,+0.039,-0.932,+0.034,29.08,0.025,0.024,0.040,0.030
2026-06-05T15:00:03.825,3.825,15,WF,L_Knee,0x21,2,15,0.848,+0.030,-0.989,-0.004,+0.0,-1.1,-4.1,+0.040,-0.974,-0.009,29.05,0.019,0.023,0.020,0.039
2026-06-05T15:00:04.080,4.080,16,WF,L_Knee,0x21,2,16,0.872,+0.030,-1.004,-0.012,-0.0,+0.1,+2.9,+0.049,-0.984,-0.007,29.07,0.025,0.033,0.023,0.031
2026-06-05T15:00:04.334,4.335,17,WF,L_Knee,0x21,2,17,0.868,+0.015,-0.992,-0.013,+1.7,-2.2,+0.1,+0.022,-1.001,-0.013,29.08,0.017,0.019,0.019,0.061
2026-06-05T15:00:04.589,4.590,18,WF,L_Knee,0x21,2,18,0.847,+0.000,-0.995,-0.010,+1.8,-0.8,-0.2,+0.008,-0.957,-0.015,29.08,0.017,0.021,0.029,0.022
2026-06-05T15:00:04.844,4.845,19,WF,L_Knee,0x21,2,19,0.862,+0.013,-1.010,-0.001,+2.6,+1.3,+7.5,+0.013,-0.980,-0.025,29.14,0.021,0.016,0.018,0.031
2026-06-05T15:00:05.099,5.100,20,WF,L_Knee,0x21,2,20,0.846,+0.026,-1.011,+0.019,+3.1,+1.4,+30.5,+0.004,-0.956,+0.047,29.05,0.074,0.074,0.027,0.029
2026-06-05T15:00:05.355,5.355,21,WF,L_Knee,0x21,2,21,0.834,+0.109,-0.962,+0.217,+3.6,+0.9,+73.8,+0.112,-0.930,+0.235,29.05,0.173,0.155,0.020,0.035
2026-06-05T15:00:05.610,5.610,22,WF,L_Knee,0x21,2,22,0.780,+0.366,-0.777,+0.557,+3.6,-0.9,+99.8,+0.293,-0.763,+0.516,29.10,0.233,0.220,0.027,0.033
2026-06-05T15:00:05.865,5.865,23,WF,L_Knee,0x21,2,23,0.741,+0.527,-0.339,+0.801,+3.6,+2.2,+102.7,+0.509,-0.276,+0.740,29.04,0.232,0.220,0.022,0.019
2026-06-05T15:00:06.120,6.120,24,WF,L_Knee,0x21,2,24,0.684,+0.594,+0.083,+0.798,+0.1,+0.5,+75.2,+0.570,+0.055,+0.732,29.00,0.174,0.164,0.020,0.040
2026-06-05T15:00:06.375,6.375,25,WF,L_Knee,0x21,2,25,0.649,+0.537,+0.328,+0.790,+1.9,-0.2,+29.8,+0.502,+0.338,+0.751,29.11,0.097,0.074,0.026,0.033
2026-06-05T15:00:06.629,6.630,26,WF,L_Knee,0x21,2,26,0.665,+0.541,+0.299,+0.805,-0.3,-0.2,-24.1,+0.491,+0.285,+0.798,29.16,0.207,0.190,0.040,0.024
2026-06-05T15:00:06.884,6.885,27,WF,L_Knee,0x21,2,27,0.704,+0.588,+0.055,+0.801,-3.9,+0.5,-81.1,+0.536,+0.066,+0.770,29.15,0.490,0.468,0.023,0.045
2026-06-05T15:00:07.140,7.140,28,WF,L_Knee,0x21,2,28,0.748,+0.552,-0.362,+0.743,-5.0,-1.5,-107.2,+0.530,-0.353,+0.694,29.08,0.644,0.594,0.031,0.035
2026-06-05T15:00:07.395,7.395,29,WF,L_Knee,0x21,2,29,0.776,+0.358,-0.775,+0.500,-7.2,-0.2,-103.8,+0.354,-0.739,+0.461,29.17,0.643,0.592,0.022,0.026
2026-06-05T15:00:07.650,7.650,30,WF,L_Knee,0x21,2,30,0.816,+0.135,-0.989,+0.218,-0.1,-2.1,-70.7,+0.125,-0.954,+0.184,29.01,0.466,0.439,0.042,0.050
2026-06-05T15:00:07.905,7.905,31,WF,L_Knee,0x21,2,31,0.826,+0.017,-1.013,+0.019,+1.8,-0.5,-19.2,+0.045,-1.015,-0.010,29.15,0.153,0.164,0.048,0.050
2026-06-05T15:00:08.160,8.160,32,WF,L_Knee,0x21,2,32,0.853,+0.034,-0.997,+0.015,+3.3,+0.8,+42.6,+0.041,-0.958,+0.015,29.07,0.128,0.103,0.025,0.032
2026-06-05T15:00:08.415,8.415,33,WF,L_Knee,0x21,2,33,0.821,+0.181,-0.927,+0.312,+2.1,-1.1,+87.4,+0.173,-0.935,+0.315,29.10,0.203,0.195,0.029,0.040
2026-06-05T15:00:08.669,8.670,34,WF,L_Knee,0x21,2,34,0.763,+0.439,-0.710,+0.523,+2.0,+0.1,+107.2,+0.435,-0.648,+0.496,29.09,0.245,0.228,0.027,0.039
2026-06-05T15:00:08.925,8.925,35,WF,L_Knee,0x21,2,35,0.707,+0.562,-0.275,+0.814,+2.5,-1.1,+100.4,+0.562,-0.273,+0.751,29.14,0.237,0.219,0.038,0.031
2026-06-05T15:00:09.179,9.180,36,WF,L_Knee,0x21,2,36,0.680,+0.581,+0.164,+0.790,+1.9,+1.8,+70.7,+0.540,+0.172,+0.747,29.11,0.172,0.151,0.031,0.033
2026-06-05T15:00:09.435,9.435,37,WF,L_Knee,0x21,2,37,0.651,+0.570,+0.335,+0.732,+0.6,-1.5,+16.8,+0.514,+0.346,+0.688,29.09,0.076,0.052,0.028,0.038
2026-06-05T15:00:09.689,9.690,38,WF,L_Knee,0x21,2,38,0.660,+0.581,+0.286,+0.777,-1.9,+0.2,-40.7,+0.542,+0.266,+0.748,29.08,0.283,0.260,0.038,0.046
2026-06-05T15:00:09.945,9.945,39,WF,L_Knee,0x21,2,39,0.671,+0.619,-0.066,+0.820,-3.7,-1.2,-84.9,+0.604,-0.055,+0.754,29.05,0.545,0.500,0.029,0.029
2026-06-05T15:00:10.199,10.200,40,WF,L_Knee,0x21,2,40,0.739,+0.523,-0.477,+0.710,-4.9,+0.4,-115.8,+0.502,-0.433,+0.659,29.11,0.675,0.618,0.025,0.029
2026-06-05T15:00:10.455,10.455,41,WF,L_Knee,0x21,2,41,0.806,+0.290,-0.857,+0.436,-3.3,+0.6,-100.6,+0.251,-0.836,+0.409,29.08,0.624,0.577,0.028,0.031
2026-06-05T15:00:10.710,10.710,42,WF,L_Knee,0x21,2,42,0.825,+0.106,-0.984,+0.120,-2.9,-1.1,-63.6,+0.100,-0.963,+0.094,29.15,0.386,0.371,0.038,0.034
2026-06-05T15:00:10.964,10.965,43,WF,L_Knee,0x21,2,43,0.849,+0.017,-1.009,-0.002,-0.6,+0.9,-9.3,+0.014,-0.991,-0.011,29.09,0.070,0.068,0.037,0.029
2026-06-05T15:00:11.220,11.220,44,WF,L_Knee,0x21,2,44,0.829,+0.054,-1.002,+0.085,+1.1,-0.5,+47.6,+0.066,-0.964,+0.090,29.03,0.133,0.125,0.035,0.025
2026-06-05T15:00:11.474,11.475,45,WF,L_Knee,0x21,2,45,0.804,+0.243,-0.905,+0.349,+3.6,+1.1,+89.9,+0.205,-0.885,+0.327,29.08,0.201,0.203,0.020,0.038
2026-06-05T15:00:11.730,11.730,46,WF,L_Knee,0x21,2,46,0.776,+0.436,-0.599,+0.662,+5.2,+0.8,+105.3,+0.410,-0.551,+0.610,29.07,0.249,0.229,0.023,0.024
2026-06-05T15:00:11.984,11.985,47,WF,L_Knee,0x21,2,47,0.710,+0.547,-0.145,+0.804,+5.1,-1.2,+93.4,+0.506,-0.170,+0.763,29.04,0.222,0.206,0.026,0.021
2026-06-05T15:00:12.240,12.240,48,WF,L_Knee,0x21,2,48,0.661,+0.567,+0.218,+0.816,+4.4,+2.5,+53.7,+0.535,+0.199,+0.747,29.00,0.141,0.129,0.034,0.018
2026-06-05T15:00:12.495,12.495,49,WF,L_Knee,0x21,2,49,0.667,+0.508,+0.349,+0.839,-1.3,+1.7,+1.6,+0.462,+0.323,+0.795,29.10,0.032,0.035,0.020,0.028
2026-06-05T15:00:12.750,12.750,50,WF,L_Knee,0x21,2,50,0.664,+0.526,+0.225,+0.795,-2.2,-1.8,-55.1,+0.451,+0.258,+0.770,29.12,0.348,0.320,0.021,0.033
2026-06-05T15:00:13.005,13.005,51,WF,L_Knee,0x21,2,51,0.713,+0.564,-0.116,+0.823,-3.9,+0.2,-94.0,+0.572,-0.036,+0.746,28.97,0.598,0.542,0.017,0.044
2026-06-05T15:00:13.259,13.260,52,WF,L_Knee,0x21,2,52,0.746,+0.485,-0.574,+0.658,-5.3,-1.8,-110.5,+0.448,-0.557,+0.576,29.05,0.671,0.611,0.033,0.035
2026-06-05T15:00:13.515,13.515,53,WF,L_Knee,0x21,2,53,0.812,+0.251,-0.916,+0.381,-5.5,+4.1,-92.4,+0.245,-0.876,+0.351,29.02,0.565,0.530,0.024,0.022
2026-06-05T15:00:13.769,13.770,54,WF,L_Knee,0x21,2,54,0.846,+0.080,-0.982,+0.082,-1.3,-0.1,-50.1,+0.074,-0.974,+0.093,29.05,0.319,0.297,0.028,0.038
2026-06-05T15:00:14.025,14.025,55,WF,L_Knee,0x21,2,55,0.860,+0.009,-1.010,+0.040,-0.7,+2.1,+9.7,+0.021,-0.969,+0.053,28.94,0.035,0.031,0.032,0.032
2026-06-05T15:00:14.280,14.280,56,WF,L_Knee,0x21,2,56,0.832,+0.126,-0.977,+0.131,+3.9,+0.4,+55.6,+0.111,-0.941,+0.125,28.99,0.164,0.138,0.027,0.027
2026-06-05T15:00:14.535,14.535,57,WF,L_Knee,0x21,2,57,0.800,+0.299,-0.861,+0.388,+2.3,+0.2,+98.9,+0.284,-0.822,+0.378,28.97,0.229,0.205,0.027,0.051
2026-06-05T15:00:14.790,14.790,58,WF,L_Knee,0x21,2,58,0.762,+0.510,-0.479,+0.730,+4.7,+0.2,+109.4,+0.479,-0.450,+0.692,28.92,0.246,0.232,0.033,0.030
2026-06-05T15:00:15.044,15.045,59,WF,L_Knee,0x21,2,59,0.699,+0.567,-0.036,+0.807,+0.1,-2.5,+93.1,+0.522,-0.036,+0.762,28.98,0.216,0.193,0.026,0.050
2026-06-05T15:00:15.300,15.300,60,WF,L_Knee,0x21,2,60,0.635,+0.568,+0.238,+0.765,+3.3,-0.8,+43.2,+0.566,+0.233,+0.725,28.93,0.133,0.122,0.028,0.031
2026-06-05T15:00:15.554,15.555,61,WF,L_Knee,0x21,2,61,0.673,+0.568,+0.340,+0.760,+0.6,+0.4,-10.6,+0.530,+0.274,+0.723,29.00,0.100,0.100,0.032,0.061
2026-06-05T15:00:15.810,15.810,62,WF,L_Knee,0x21,2,62,0.664,+0.566,+0.140,+0.805,-2.6,-0.7,-68.0,+0.538,+0.156,+0.730,29.01,0.442,0.388,0.051,0.048
2026-06-05T15:00:16.065,16.065,63,WF,L_Knee,0x21,2,63,0.704,+0.548,-0.231,+0.824,-3.4,+1.9,-98.9,+0.487,-0.195,+0.815,28.91,0.638,0.579,0.036,0.049
2026-06-05T15:00:16.320,16.320,64,WF,L_Knee,0x21,2,64,0.768,+0.420,-0.704,+0.604,-6.7,-0.2,-112.1,+0.373,-0.689,+0.565,29.02,0.665,0.614,0.046,0.049
2026-06-05T15:00:16.574,16.575,65,WF,L_Knee,0x21,2,65,0.815,+0.205,-0.944,+0.289,-5.5,+1.3,-85.8,+0.186,-0.898,+0.280,29.01,0.527,0.495,0.038,0.048
2026-06-05T15:00:16.830,16.830,66,WF,L_Knee,0x21,2,66,0.847,+0.061,-0.974,+0.049,-2.3,-0.4,-40.6,+0.059,-0.948,+0.068,28.95,0.266,0.242,0.026,0.043
2026-06-05T15:00:17.085,17.085,67,WF,L_Knee,0x21,2,67,0.846,+0.010,-0.990,-0.003,+2.1,-0.6,+24.3,-0.003,-0.987,+0.005,28.97,0.070,0.062,0.047,0.032
2026-06-05T15:00:17.339,17.340,68,WF,L_Knee,0x21,2,68,0.810,+0.150,-0.964,+0.190,+3.6,+1.1,+76.2,+0.144,-0.911,+0.204,28.94,0.167,0.157,0.033,0.046
2026-06-05T15:00:17.594,17.595,69,WF,L_Knee,0x21,2,69,0.782,+0.362,-0.800,+0.519,+3.8,-1.8,+101.6,+0.338,-0.799,+0.484,28.98,0.248,0.219,0.026,0.027
2026-06-05T15:00:17.850,17.850,70,WF,L_Knee,0x21,2,70,0.737,+0.507,-0.412,+0.723,+5.1,+0.5,+108.9,+0.440,-0.381,+0.673,28.99,0.234,0.223,0.033,0.043
2026-06-05T15:00:18.105,18.105,71,WF,L_Knee,0x21,2,71,0.677,+0.528,+0.047,+0.780,+5.0,+0.4,+85.9,+0.487,+0.081,+0.726,28.99,0.186,0.191,0.025,0.029
2026-06-05T15:00:18.359,18.360,72,WF,L_Knee,0x21,2,72,0.635,+0.539,+0.312,+0.746,+0.3,+5.1,+29.8,+0.503,+0.321,+0.679,28.99,0.080,0.078,0.022,0.034
2026-06-05T15:00:18.615,18.615,73,WF,L_Knee,0x21,2,73,0.627,+0.546,+0.336,+0.740,-3.0,+2.9,-29.2,+0.517,+0.342,+0.697,28.92,0.177,0.159,0.029,0.039
2026-06-05T15:00:18.870,18.870,74,WF,L_Knee,0x21,2,74,0.671,+0.605,+0.053,+0.791,-2.9,-2.1,-74.8,+0.554,+0.058,+0.719,28.92,0.469,0.439,0.021,0.030
2026-06-05T15:00:19.125,19.125,75,WF,L_Knee,0x21,2,75,0.733,+0.530,-0.347,+0.786,-5.3,+1.8,-100.5,+0.512,-0.335,+0.720,28.88,0.637,0.589,0.040,0.035
2026-06-05T15:00:19.379,19.380,76,WF,L_Knee,0x21,2,76,0.771,+0.345,-0.767,+0.523,-4.3,-3.2,-104.7,+0.366,-0.738,+0.491,28.94,0.637,0.583,0.030,0.022
2026-06-05T15:00:19.635,19.635,77,WF,L_Knee,0x21,2,77,0.808,+0.156,-0.967,+0.211,-0.5,-0.9,-73.5,+0.196,-0.949,+0.168,28.91,0.467,0.426,0.049,0.024
2026-06-05T15:00:19.890,19.890,78,WF,L_Knee,0x21,2,78,0.843,+0.012,-1.016,-0.003,-2.0,+2.9,-23.6,+0.014,-1.000,+0.025,28.89,0.169,0.151,0.022,0.022
2026-06-05T15:00:20.144,20.145,79,WF,L_Knee,0x21,2,79,0.852,+0.051,-1.009,+0.043,+3.4,-2.6,+35.2,+0.026,-1.003,+0.075,28.91,0.100,0.091,0.026,0.032
2026-06-05T15:00:20.399,20.400,80,WF,L_Knee,0x21,2,80,0.825,+0.163,-0.972,+0.271,+2.3,+0.5,+80.1,+0.163,-0.955,+0.246,28.89,0.184,0.176,0.039,0.030
2026-06-05T15:00:20.655,20.655,81,WF,L_Knee,0x21,2,81,0.767,+0.400,-0.739,+0.557,+2.9,+1.1,+114.7,+0.349,-0.728,+0.463,28.89,0.235,0.235,0.022,0.024
2026-06-05T15:00:20.910,20.910,82,WF,L_Knee,0x21,2,82,0.710,+0.548,-0.311,+0.784,+4.1,+0.8,+104.4,+0.479,-0.325,+0.746,28.92,0.248,0.216,0.025,0.041
2026-06-05T15:00:21.164,21.165,83,WF,L_Knee,0x21,2,83,0.665,+0.576,+0.120,+0.789,+5.4,+1.0,+74.9,+0.542,+0.096,+0.755,28.94,0.172,0.159,0.026,0.028
2026-06-05T15:00:21.420,21.420,84,WF,L_Knee,0x21,2,84,0.655,+0.560,+0.362,+0.807,+2.9,-2.4,+17.5,+0.507,+0.357,+0.719,28.90,0.063,0.059,0.040,0.028
2026-06-05T15:00:21.675,21.675,85,WF,L_Knee,0x21,2,85,0.648,+0.527,+0.313,+0.741,-2.5,+2.2,-36.0,+0.500,+0.312,+0.699,28.86,0.262,0.246,0.029,0.044
2026-06-05T15:00:21.929,21.930,86,WF,L_Knee,0x21,2,86,0.673,+0.573,-0.008,+0.833,-3.9,+1.2,-83.6,+0.570,+0.021,+0.807,28.94,0.543,0.502,0.028,0.050
2026-06-05T15:00:22.184,22.185,87,WF,L_Knee,0x21,2,87,0.734,+0.499,-0.457,+0.703,-6.5,-1.8,-111.8,+0.472,-0.444,+0.691,28.89,0.667,0.619,0.025,0.039
2026-06-05T15:00:22.440,22.440,88,WF,L_Knee,0x21,2,88,0.808,+0.332,-0.829,+0.463,-2.5,+0.1,-100.9,+0.310,-0.789,+0.426,28.86,0.620,0.573,0.026,0.036
2026-06-05T15:00:22.695,22.695,89,WF,L_Knee,0x21,2,89,0.819,+0.096,-0.989,+0.145,-3.1,+0.2,-65.7,+0.102,-0.966,+0.124,28.94,0.413,0.377,0.044,0.044
2026-06-05T15:00:22.949,22.950,90,WF,L_Knee,0x21,2,90,0.873,+0.000,-1.026,+0.031,+0.9,+1.7,-11.4,+0.013,-1.037,+0.018,28.93,0.112,0.089,0.035,0.039
2026-06-05T15:00:23.205,23.205,91,WF,L_Knee,0x21,2,91,0.852,+0.057,-0.995,+0.079,+2.3,+1.1,+39.9,+0.042,-0.992,+0.099,28.88,0.126,0.116,0.039,0.038
2026-06-05T15:00:23.460,23.460,92,WF,L_Knee,0x21,2,92,0.800,+0.246,-0.918,+0.329,+2.8,-2.1,+87.9,+0.223,-0.828,+0.295,28.93,0.221,0.208,0.032,0.055
2026-06-05T15:00:23.714,23.715,93,WF,L_Knee,0x21,2,93,0.757,+0.414,-0.624,+0.646,+1.8,+0.4,+108.3,+0.408,-0.604,+0.589,28.90,0.243,0.231,0.032,0.033
2026-06-05T15:00:23.969,23.970,94,WF,L_Knee,0x21,2,94,0.720,+0.572,-0.183,+0.794,+6.6,-1.9,+99.7,+0.521,-0.212,+0.764,28.90,0.225,0.210,0.024,0.059
2026-06-05T15:00:24.225,24.225,95,WF,L_Knee,0x21,2,95,0.688,+0.542,+0.175,+0.793,+4.8,+1.8,+55.4,+0.492,+0.172,+0.712,28.90,0.149,0.136,0.027,0.050
2026-06-05T15:00:24.480,24.480,96,WF,L_Knee,0x21,2,96,0.658,+0.515,+0.342,+0.756,+3.2,-2.5,+9.8,+0.502,+0.335,+0.675,28.97,0.047,0.032,0.028,0.026
2026-06-05T15:00:24.734,24.735,97,WF,L_Knee,0x21,2,97,0.659,+0.582,+0.236,+0.811,-2.3,+0.2,-55.8,+0.541,+0.220,+0.760,28.94,0.327,0.302,0.036,0.030
2026-06-05T15:00:24.990,24.990,98,WF,L_Knee,0x21,2,98,0.706,+0.578,-0.127,+0.832,-4.1,-1.7,-94.6,+0.565,-0.121,+0.778,28.92,0.579,0.540,0.025,0.037
2026-06-05T15:00:25.245,25.245,99,WF,L_Knee,0x21,2,99,0.749,+0.469,-0.556,+0.694,-5.4,+2.5,-113.7,+0.459,-0.540,+0.633,28.98,0.669,0.613,0.021,0.041
2026-06-05T15:00:25.500,25.500,100,WF,L_Knee,0x21,2,100,0.783,+0.256,-0.866,+0.384,-5.8,-0.2,-91.1,+0.247,-0.806,+0.358,28.91,0.582,0.530,0.017,0.030
2026-06-05T15:00:25.754,25.755,101,WF,L_Knee,0x21,2,101,0.826,+0.043,-0.989,+0.070,-4.4,+2.5,-54.5,+0.014,-0.946,+0.083,28.89,0.340,0.310,0.021,0.019
2026-06-05T15:00:26.010,26.010,102,WF,L_Knee,0x21,2,102,0.852,+0.010,-1.006,-0.035,-2.0,+0.8,-1.1,-0.012,-0.979,-0.013,28.93,0.039,0.021,0.041,0.034
2026-06-05T15:00:26.265,26.265,103,WF,L_Knee,0x21,2,103,0.830,+0.089,-1.004,+0.131,+2.8,+2.2,+54.3,+0.066,-0.945,+0.111,28.89,0.140,0.127,0.023,0.022
2026-06-05T15:00:26.519,26.520,104,WF,L_Knee,0x21,2,104,0.787,+0.293,-0.874,+0.424,+4.7,-0.8,+99.8,+0.304,-0.874,+0.406,28.93,0.211,0.199,0.030,0.026
2026-06-05T15:00:26.775,26.775,105,WF,L_Knee,0x21,2,105,0.738,+0.490,-0.526,+0.694,+2.8,-0.5,+109.6,+0.467,-0.466,+0.650,28.91,0.248,0.229,0.035,0.038
2026-06-05T15:00:27.030,27.030,106,WF,L_Knee,0x21,2,106,0.699,+0.556,-0.098,+0.826,+3.3,-0.3,+94.5,+0.541,-0.049,+0.743,28.98,0.206,0.186,0.021,0.029
2026-06-05T15:00:27.285,27.285,107,WF,L_Knee,0x21,2,107,0.673,+0.578,+0.253,+0.818,+3.2,+0.5,+46.5,+0.539,+0.259,+0.782,28.99,0.115,0.115,0.032,0.025
2026-06-05T15:00:27.539,27.540,108,WF,L_Knee,0x21,2,108,0.658,+0.568,+0.342,+0.768,-0.5,-0.4,-4.9,+0.526,+0.300,+0.734,28.90,0.075,0.085,0.020,0.028
2026-06-05T15:00:27.795,27.795,109,WF,L_Knee,0x21,2,109,0.658,+0.592,+0.182,+0.813,-2.5,+0.3,-59.5,+0.539,+0.168,+0.740,28.88,0.397,0.363,0.022,0.046
2026-06-05T15:00:28.050,28.050,110,WF,L_Knee,0x21,2,110,0.710,+0.569,-0.234,+0.783,-2.0,-0.6,-99.0,+0.549,-0.213,+0.763,28.91,0.626,0.565,0.036,0.057
2026-06-05T15:00:28.304,28.305,111,WF,L_Knee,0x21,2,111,0.765,+0.420,-0.661,+0.612,-3.4,-1.0,-112.2,+0.397,-0.685,+0.573,28.93,0.666,0.610,0.024,0.033
2026-06-05T15:00:28.560,28.560,112,WF,L_Knee,0x21,2,112,0.826,+0.224,-0.919,+0.295,-3.5,-0.8,-90.3,+0.191,-0.908,+0.293,28.92,0.538,0.517,0.026,0.053
2026-06-05T15:00:28.815,28.815,113,WF,L_Knee,0x21,2,113,0.856,+0.050,-0.997,+0.063,+0.3,-3.0,-37.0,+0.061,-0.972,+0.055,28.93,0.267,0.249,0.046,0.042
2026-06-05T15:00:29.070,29.070,114,WF,L_Knee,0x21,2,114,0.859,+0.003,-1.007,+0.015,+2.6,-0.6,+16.2,-0.016,-0.945,-0.002,28.99,0.061,0.065,0.033,0.050
2026-06-05T15:00:29.324,29.325,115,WF,L_Knee,0x21,2,115,0.839,+0.127,-0.959,+0.156,+5.5,-0.4,+70.9,+0.112,-0.912,+0.139,28.99,0.176,0.156,0.037,0.045
2026-06-05T15:00:29.580,29.580,116,WF,L_Knee,0x21,2,116,0.765,+0.331,-0.794,+0.481,+6.7,+6.2,+106.6,+0.293,-0.778,+0.467,29.07,0.246,0.217,0.029,0.064
2026-06-05T15:00:29.835,29.835,117,WF,L_Knee,0x21,2,117,0.745,+0.513,-0.406,+0.767,+6.2,-2.2,+102.0,+0.460,-0.412,+0.708,29.03,0.256,0.228,0.037,0.032
2026-06-05T15:00:30.089,30.090,118,WF,L_Knee,0x21,2,118,0.680,+0.571,+0.009,+0.842,+5.8,+1.7,+78.9,+0.535,+0.024,+0.829,29.02,0.207,0.190,0.032,0.040
2026-06-05T15:00:30.344,30.345,119,WF,L_Knee,0x21,2,119,0.652,+0.558,+0.280,+0.800,+5.0,+2.6,+25.9,+0.500,+0.257,+0.773,29.03,0.107,0.089,0.029,0.068
2026-06-05T15:00:30.600,30.600,120,WF,L_Knee,0x21,2,120,0.642,+0.561,+0.326,+0.763,-0.1,-0.2,-23.1,+0.542,+0.290,+0.712,29.00,0.171,0.152,0.039,0.051
2026-06-05T15:00:30.855,30.855,121,WF,L_Knee,0x21,2,121,0.691,+0.555,+0.089,+0.773,-0.6,+1.4,-80.2,+0.499,+0.063,+0.755,29.06,0.457,0.428,0.031,0.034
2026-06-05T15:00:31.109,31.110,122,WF,L_Knee,0x21,2,122,0.720,+0.576,-0.309,+0.767,-5.6,-1.4,-105.0,+0.565,-0.306,+0.721,29.03,0.640,0.589,0.036,0.027
2026-06-05T15:00:31.365,31.365,123,WF,L_Knee,0x21,2,123,0.781,+0.383,-0.729,+0.562,-3.7,-0.8,-100.5,+0.335,-0.697,+0.510,29.03,0.652,0.597,0.048,0.048
2026-06-05T15:00:31.620,31.620,124,WF,L_Knee,0x21,2,124,0.834,+0.148,-0.944,+0.232,-0.7,+2.8,-72.6,+0.116,-0.912,+0.219,29.05,0.482,0.446,0.028,0.041
2026-06-05T15:00:31.875,31.875,125,WF,L_Knee,0x21,2,125,0.857,+0.002,-0.997,+0.049,-5.2,-0.8,-26.8,-0.005,-0.957,+0.029,29.07,0.191,0.177,0.035,0.029
2026-06-05T15:00:32.130,32.130,126,WF,L_Knee,0x21,2,126,0.841,+0.037,-0.974,+0.022,+1.8,+3.4,+29.0,+0.047,-0.932,+0.045,29.08,0.083,0.081,0.021,0.047
2026-06-05T15:00:32.384,32.385,127,WF,L_Knee,0x21,2,127,0.844,+0.174,-0.972,+0.276,+6.4,+0.9,+80.5,+0.157,-0.945,+0.299,28.97,0.183,0.168,0.019,0.020
2026-06-05T15:00:32.640,32.640,128,WF,L_Knee,0x21,2,128,0.770,+0.393,-0.736,+0.560,+5.8,-2.1,+104.9,+0.354,-0.712,+0.548,28.96,0.250,0.213,0.016,0.037
2026-06-05T15:00:32.895,32.895,129,WF,L_Knee,0x21,2,129,0.709,+0.521,-0.298,+0.803,+4.4,+3.3,+101.4,+0.443,-0.265,+0.731,29.06,0.243,0.212,0.032,0.043
2026-06-05T15:00:33.149,33.150,130,WF,L_Knee,0x21,2,130,0.663,+0.589,+0.110,+0.813,+3.9,+0.4,+80.7,+0.562,+0.102,+0.781,29.04,0.181,0.162,0.026,0.026
2026-06-05T15:00:33.405,33.405,131,WF,L_Knee,0x21,2,131,0.649,+0.543,+0.334,+0.748,+0.2,-2.0,+18.3,+0.492,+0.315,+0.720,29.03,0.068,0.079,0.023,0.035
2026-06-05T15:00:33.660,33.660,132,WF,L_Knee,0x21,2,132,0.671,+0.552,+0.277,+0.774,+2.6,+0.1,-35.9,+0.556,+0.271,+0.735,29.12,0.227,0.228,0.025,0.031
2026-06-05T15:00:33.914,33.915,133,WF,L_Knee,0x21,2,133,0.694,+0.580,-0.002,+0.832,-4.3,+1.1,-89.4,+0.540,-0.020,+0.779,29.05,0.512,0.469,0.024,0.041
2026-06-05T15:00:34.170,34.170,134,WF,L_Knee,0x21,2,134,0.712,+0.518,-0.458,+0.724,-5.2,+0.1,-109.0,+0.475,-0.431,+0.653,29.14,0.652,0.598,0.028,0.038
2026-06-05T15:00:34.424,34.425,135,WF,L_Knee,0x21,2,135,0.798,+0.336,-0.809,+0.462,-3.9,+3.2,-101.6,+0.314,-0.788,+0.441,29.07,0.640,0.568,0.028,0.021
2026-06-05T15:00:34.679,34.680,136,WF,L_Knee,0x21,2,136,0.837,+0.141,-0.970,+0.160,-2.8,+1.4,-70.4,+0.124,-0.889,+0.176,29.13,0.442,0.400,0.035,0.026
2026-06-05T15:00:34.935,34.935,137,WF,L_Knee,0x21,2,137,0.857,+0.005,-1.034,-0.012,-4.0,+1.8,-25.0,-0.016,-1.013,-0.037,29.09,0.132,0.130,0.022,0.048
2026-06-05T15:00:35.189,35.190,138,WF,L_Knee,0x21,2,138,0.881,-0.012,-0.976,-0.012,-1.1,-1.7,+1.3,-0.017,-0.937,-0.031,29.03,0.022,0.041,0.036,0.037
2026-06-05T15:00:35.445,35.445,139,WF,L_Knee,0x21,2,139,0.844,+0.024,-1.018,+0.033,-1.0,-0.2,+3.8,-0.021,-0.972,+0.023,29.07,0.026,0.046,0.026,0.028
2026-06-05T15:00:35.700,35.700,140,WF,L_Knee,0x21,2,140,0.844,-0.012,-1.027,-0.008,+0.5,-2.3,-0.6,+0.022,-1.016,-0.005,29.13,0.027,0.030,0.033,0.031
2026-06-05T15:00:35.954,35.955,141,WF,L_Knee,0x21,2,141,0.837,+0.012,-1.013,-0.002,+1.1,+1.4,+4.5,+0.003,-1.010,+0.000,29.11,0.043,0.027,0.029,0.033
2026-06-05T15:00:36.210,36.210,142,WF,L_Knee,0x21,2,142,0.849,+0.016,-1.006,-0.003,-0.2,-0.0,+3.8,+0.059,-0.986,+0.010,29.13,0.026,0.030,0.044,0.061
2026-06-05T15:00:36.465,36.465,143,WF,L_Knee,0x21,2,143,0.828,+0.035,-0.979,+0.042,-1.0,-2.7,-2.8,+0.045,-0.967,+0.025,29.05,0.029,0.038,0.043,0.071
2026-06-05T15:00:36.719,36.720,144,WF,L_Knee,0x21,2,144,0.851,-0.029,-1.002,+0.024,-0.4,-0.3,+1.7,-0.041,-0.977,-0.024,29.14,0.037,0.039,0.036,0.052
2026-06-05T15:00:36.975,36.975,145,WF,L_Knee,0x21,2,145,0.853,+0.021,-0.969,-0.009,-0.4,+0.8,+4.5,+0.007,-0.959,+0.015,29.10,0.034,0.030,0.027,0.033
2026-06-05T15:00:37.230,37.230,146,WF,L_Knee,0x21,2,146,0.860,-0.002,-0.983,+0.011,+2.2,+0.6,-3.2,-0.020,-0.968,+0.008,29.11,0.033,0.030,0.041,0.030
2026-06-05T15:00:37.484,37.485,147,WF,L_Knee,0x21,2,147,0.853,-0.014,-1.014,-0.006,+1.8,-2.4,+1.7,+0.020,-1.003,-0.006,29.09,0.027,0.028,0.032,0.031
2026-06-05T15:00:37.740,37.740,148,WF,L_Knee,0x21,2,148,0.866,-0.016,-0.999,-0.012,-1.0,+1.2,-1.2,-0.004,-0.982,+0.007,29.10,0.032,0.025,0.040,0.045
2026-06-05T15:00:37.994,37.995,149,WF,L_Knee,0x21,2,149,0.851,-0.027,-1.013,+0.003,+3.5,+1.2,+1.5,-0.039,-0.961,-0.015,29.03,0.033,0.027,0.044,0.034
2026-06-05T15:00:38.250,38.250,150,WF,L_Knee,0x21,2,150,0.842,-0.009,-0.996,-0.024,-0.5,-2.3,-5.0,-0.012,-0.965,-0.026,29.03,0.029,0.030,0.032,0.027
2026-06-05T15:00:38.505,38.505,151,WF,L_Knee,0x21,2,151,0.877,+0.002,-1.009,-0.001,-1.0,-0.8,+3.2,-0.025,-0.988,-0.022,29.11,0.034,0.029,0.039,0.035
2026-06-05T15:00:38.759,38.760,152,WF,L_Knee,0x21,2,152,0.842,-0.015,-1.011,+0.007,+1.9,-1.7,-3.6,-0.034,-0.964,+0.023,29.14,0.027,0.024,0.041,0.047
2026-06-05T15:00:39.015,39.015,153,WF,L_Knee,0x21,2,153,0.842,-0.025,-1.026,-0.042,+1.1,+4.2,-3.9,-0.023,-0.990,-0.036,29.14,0.041,0.020,0.031,0.029
2026-06-05T15:00:39.270,39.270,154,WF,L_Knee,0x21,2,154,0.842,+0.005,-0.992,-0.003,-0.1,+0.2,+3.6,-0.013,-0.977,-0.004,29.05,0.026,0.037,0.029,0.025
2026-06-05T15:00:39.524,39.525,155,WF,L_Knee,0x21,2,155,0.843,+0.003,-0.997,-0.013,+1.0,+0.3,-1.4,-0.006,-1.010,-0.032,29.11,0.041,0.022,0.022,0.021
2026-06-05T15:00:39.780,39.780,156,WF,L_Knee,0x21,2,156,0.863,-0.027,-1.001,-0.017,-0.8,-0.9,+4.6,+0.003,-0.995,-0.035,29.10,0.024,0.023,0.021,0.029
2026-06-05T15:00:40.035,40.035,157,WF,L_Knee,0x21,2,157,0.858,+0.002,-1.007,+0.000,-1.9,-0.3,-0.0,-0.014,-0.985,+0.020,29.18,0.018,0.019,0.042,0.026
2026-06-05T15:00:40.289,40.290,158,WF,L_Knee,0x21,2,158,0.844,-0.017,-1.007,-0.044,+0.2,-0.9,-1.1,-0.035,-0.986,-0.014,29.08,0.022,0.037,0.021,0.021
2026-06-05T15:00:40.545,40.545,159,WF,L_Knee,0x21,2,159,0.862,+0.003,-1.014,-0.005,-1.9,+0.4,-1.4,-0.014,-1.001,+0.006,29.01,0.022,0.039,0.021,0.033
2026-06-05T15:00:40.799,40.800,160,WF,L_Knee,0x21,2,160,0.855,-0.007,-1.017,-0.016,+1.2,-1.1,+3.3,+0.002,-0.953,-0.012,29.11,0.028,0.026,0.019,0.031
2026-06-05T15:00:41.054,41.055,161,WF,L_Knee,0x21,2,161,0.870,-0.012,-0.995,-0.016,+2.1,-1.3,+3.0,-0.019,-0.960,-0.045,29.09,0.038,0.036,0.033,0.038
2026-06-05T15:00:41.310,41.310,162,WF,L_Knee,0x21,2,162,0.859,-0.025,-1.019,+0.005,+1.6,+1.3,+2.0,-0.015,-1.000,+0.014,29.05,0.034,0.025,0.030,0.024
2026-06-05T15:00:41.564,41.565,163,WF,L_Knee,0x21,2,163,0.844,+0.051,-1.002,-0.035,+0.9,-0.6,+2.2,+0.072,-0.934,-0.019,29.08,0.044,0.039,0.020,0.022
2026-06-05T15:00:41.820,41.820,164,WF,L_Knee,0x21,2,164,0.849,-0.030,-0.987,+0.005,-1.3,+2.1,+1.9,-0.020,-0.969,+0.018,29.02,0.022,0.034,0.027,0.029
2026-06-05T15:00:42.075,42.075,165,WF,L_Knee,0x21,2,165,0.862,-0.010,-0.975,+0.000,-1.4,+1.8,-2.7,+0.012,-0.932,-0.013,29.02,0.037,0.027,0.023,0.040
2026-06-05T15:00:42.329,42.330,166,WF,L_Knee,0x21,2,166,0.829,+0.006,-0.999,+0.002,-1.8,-1.5,-1.3,+0.034,-0.963,+0.036,29.01,0.030,0.029,0.024,0.032
2026-06-05T15:00:42.585,42.585,167,WF,L_Knee,0x21,2,167,0.874,-0.006,-1.007,-0.030,+2.4,+1.3,+0.1,+0.002,-0.963,-0.022,29.09,0.040,0.029,0.035,0.044
2026-06-05T15:00:42.840,42.840,168,WF,L_Knee,0x21,2,168,0.860,-0.017,-0.974,+0.025,+2.0,+0.9,-0.1,-0.028,-0.931,+0.028,28.99,0.035,0.027,0.025,0.035
2026-06-05T15:00:43.094,43.095,169,WF,L_Knee,0x21,2,169,0.845,-0.017,-1.001,+0.016,+1.1,+2.3,-0.8,-0.022,-0.948,+0.044,29.03,0.027,0.033,0.036,0.033
2026-06-05T15:00:43.350,43.350,170,WF,L_Knee,0x21,2,170,0.857,-0.029,-0.998,-0.014,+0.6,+0.5,-0.6,-0.049,-0.983,-0.010,29.10,0.026,0.036,0.027,0.032
2026-06-05T15:00:43.605,43.605,171,WF,L_Knee,0x21,2,171,0.860,+0.004,-1.004,+0.015,-0.8,+2.1,+3.2,-0.009,-0.935,+0.017,28.98,0.041,0.032,0.028,0.037
2026-06-05T15:00:43.859,43.860,172,WF,L_Knee,0x21,2,172,0.848,+0.012,-1.011,-0.040,+0.8,-3.8,+2.6,+0.026,-0.979,-0.047,29.02,0.027,0.043,0.029,0.045
2026-06-05T15:00:44.115,44.115,173,WF,L_Knee,0x21,2,173,0.849,-0.000,-0.998,+0.012,+1.4,-1.7,+0.3,-0.017,-0.976,-0.017,28.96,0.036,0.042,0.034,0.050
2026-06-05T15:00:44.369,44.370,174,WF,L_Knee,0x21,2,174,0.861,-0.007,-0.998,+0.012,+0.3,+0.8,-1.1,+0.014,-0.968,-0.020,29.00,0.029,0.039,0.038,0.038
2026-06-05T15:00:44.625,44.625,175,WF,L_Knee,0x21,2,175,0.835,+0.005,-0.977,-0.021,+1.5,-1.7,+1.6,+0.013,-0.932,+0.013,29.04,0.033,0.026,0.026,0.044
2026-06-05T15:00:44.880,44.880,176,WF,L_Knee,0x21,2,176,0.854,+0.008,-0.975,+0.045,+0.3,-0.0,+4.2,+0.015,-0.986,+0.054,28.96,0.040,0.028,0.029,0.027
2026-06-05T15:00:45.134,45.135,177,WF,L_Knee,0x21,2,177,0.821,-0.003,-1.007,-0.033,-3.5,-2.4,-0.9,+0.010,-0.962,-0.031,29.09,0.032,0.032,0.046,0.042
2026-06-05T15:00:45.390,45.390,178,WF,L_Knee,0x21,2,178,0.845,+0.033,-0.990,+0.044,-3.1,-0.0,+5.3,+0.030,-0.948,+0.048,29.01,0.035,0.049,0.022,0.028
2026-06-05T15:00:45.645,45.645,179,WF,L_Knee,0x21,2,179,0.841,-0.027,-1.008,+0.013,-1.4,-1.9,+5.8,-0.014,-0.985,+0.035,28.95,0.030,0.034,0.035,0.039
2026-06-05T15:00:45.899,45.900,180,WF,L_Knee,0x21,2,180,0.832,+0.015,-1.011,-0.007,-0.9,-0.7,+2.5,+0.026,-0.992,-0.026,28.96,0.022,0.024,0.027,0.024
2026-06-05T15:00:46.155,46.155,181,WF,L_Knee,0x21,2,181,0.848,-0.000,-0.994,-0.002,+0.7,+0.6,-1.5,+0.008,-0.951,-0.051,29.03,0.026,0.026,0.033,0.046
2026-06-05T15:00:46.410,46.410,182,WF,L_Knee,0x21,2,182,0.850,-0.026,-1.021,+0.035,-2.9,-2.6,+1.4,+0.002,-0.994,+0.029,28.95,0.032,0.030,0.021,0.027
2026-06-05T15:00:46.664,46.665,183,WF,L_Knee,0x21,2,183,0.844,+0.004,-0.987,+0.015,+1.8,+0.1,+2.3,+0.017,-0.941,+0.035,28.99,0.018,0.029,0.033,0.028
2026-06-05T15:00:46.920,46.920,184,WF,L_Knee,0x21,2,184,0.843,+0.028,-1.003,-0.007,+1.1,-0.1,-5.8,+0.031,-0.991,-0.000,29.00,0.018,0.017,0.027,0.019
2026-06-05T15:00:47.175,47.175,185,WF,L_Knee,0x21,2,185,0.854,+0.027,-1.003,-0.003,-1.6,-0.5,-2.7,+0.069,-0.966,-0.027,28.91,0.028,0.028,0.021,0.027
2026-06-05T15:00:47.429,47.430,186,WF,L_Knee,0x21,2,186,0.836,-0.015,-1.015,+0.004,+1.0,+0.9,+3.5,-0.045,-0.999,-0.051,28.92,0.019,0.020,0.022,0.037
2026-06-05T15:00:47.685,47.685,187,WF,L_Knee,0x21,2,187,0.861,-0.008,-1.012,+0.041,-0.8,+2.4,+0.7,-0.003,-1.010,+0.063,28.96,0.019,0.018,0.029,0.024
2026-06-05T15:00:47.939,47.940,188,WF,L_Knee,0x21,2,188,0.846,+0.014,-0.972,-0.015,-0.8,-0.4,-0.2,-0.025,-0.928,-0.013,28.94,0.026,0.018,0.027,0.038
2026-06-05T15:00:48.195,48.195,189,WF,L_Knee,0x21,2,189,0.863,-0.007,-0.991,+0.022,-2.6,-0.7,-1.1,-0.017,-0.993,+0.020,28.97,0.019,0.022,0.022,0.037
2026-06-05T15:00:48.450,48.450,190,WF,L_Knee,0x21,2,190,0.870,-0.013,-1.041,+0.018,-0.6,-0.3,+0.4,-0.020,-1.003,+0.004,28.91,0.031,0.036,0.029,0.030
2026-06-05T15:00:48.704,48.705,191,WF,L_Knee,0x21,2,191,0.854,-0.003,-0.992,-0.035,-0.9,-4.4,+0.5,+0.004,-0.942,-0.036,28.94,0.041,0.024,0.041,0.027
2026-06-05T15:00:48.960,48.960,192,WF,L_Knee,0x21,2,192,0.849,-0.026,-1.004,+0.014,-1.2,-2.0,+1.7,-0.019,-0.945,-0.001,28.98,0.047,0.026,0.032,0.035
2026-06-05T15:00:49.215,49.215,193,WF,L_Knee,0x21,2,193,0.842,+0.019,-1.005,+0.017,-2.8,+0.7,-3.6,-0.010,-0.997,+0.014,28.91,0.023,0.037,0.028,0.035
2026-06-05T15:00:49.469,49.470,194,WF,L_Knee,0x21,2,194,0.860,+0.030,-1.003,+0.001,-3.8,-1.7,+2.3,+0.059,-0.982,+0.007,28.95,0.034,0.027,0.025,0.032
2026-06-05T15:00:49.725,49.725,195,WF,L_Knee,0x21,2,195,0.857,-0.002,-1.003,-0.009,-2.0,+0.8,-3.1,+0.026,-1.002,-0.019,28.88,0.025,0.042,0.027,0.046
2026-06-05T15:00:49.980,49.980,196,WF,L_Knee,0x21,2,196,0.876,-0.016,-1.009,-0.013,-1.0,+1.5,-0.1,-0.021,-1.025,-0.017,28.91,0.039,0.028,0.031,0.031
2026-06-05T15:00:50.234,50.235,197,WF,L_Knee,0x21,2,197,0.851,+0.001,-0.998,-0.051,+1.3,-3.1,-0.2,+0.017,-0.965,-0.043,28.86,0.031,0.030,0.030,0.043
2026-06-05T15:00:50.490,50.490,198,WF,L_Knee,0x21,2,198,0.850,+0.016,-1.019,+0.008,+1.2,-0.2,+0.4,-0.006,-0.994,+0.000,28.88,0.042,0.030,0.039,0.039
2026-06-05T15:00:50.744,50.745,199,WF,L_Knee,0x21,2,199,0.864,+0.011,-1.008,-0.005,-0.0,+1.8,-0.3,+0.002,-0.974,+0.011,28.85,0.032,0.034,0.031,0.039
2026-06-05T15:00:51.000,51.000,200,WF,L_Knee,0x21,2,200,0.846,-0.003,-0.992,+0.007,+1.0,+1.0,-5.4,-0.034,-0.980,+0.004,28.94,0.036,0.037,0.044,0.049
2026-06-05T15:00:51.255,51.255,201,WF,L_Knee,0x21,2,201,0.848,-0.001,-1.026,-0.010,-0.4,+2.6,-1.9,-0.016,-0.997,-0.046,28.89,0.029,0.036,0.031,0.036
2026-06-05T15:00:51.509,51.510,202,WF,L_Knee,0x21,2,202,0.865,+0.008,-0.960,-0.027,+0.0,-0.1,-3.4,-0.019,-0.941,-0.014,28.89,0.041,0.028,0.027,0.030
2026-06-05T15:00:51.765,51.765,203,WF,L_Knee,0x21,2,203,0.835,-0.041,-1.016,+0.025,+1.9,-1.1,-3.6,-0.041,-1.021,+0.029,28.87,0.025,0.044,0.033,0.039
2026-06-05T15:00:52.020,52.020,204,WF,L_Knee,0x21,2,204,0.847,+0.006,-1.000,+0.026,+0.5,-1.9,-2.6,-0.005,-0.957,+0.025,28.97,0.029,0.036,0.025,0.064
2026-06-05T15:00:52.274,52.275,205,WF,L_Knee,0x21,2,205,0.838,+0.014,-0.988,+0.042,+0.5,-1.0,+1.7,+0.031,-0.972,+0.040,28.90,0.034,0.027,0.031,0.045
2026-06-05T15:00:52.530,52.530,206,WF,L_Knee,0x21,2,206,0.853,-0.028,-1.003,-0.026,-1.1,+1.1,+0.3,-0.025,-0.988,-0.044,28.90,0.034,0.037,0.035,0.028
2026-06-05T15:00:52.785,52.785,207,WF,L_Knee,0x21,2,207,0.853,-0.004,-0.996,+0.013,+0.7,-3.3,-6.6,+0.034,-0.961,+0.030,28.92,0.021,0.030,0.020,0.024
2026-06-05T15:00:53.039,53.040,208,WF,L_Knee,0x21,2,208,0.838,-0.011,-1.025,+0.005,-0.5,+0.6,-4.1,-0.016,-0.973,+0.023,28.85,0.038,0.035,0.022,0.023
2026-06-05T15:00:53.295,53.295,209,WF,L_Knee,0x21,2,209,0.838,-0.006,-0.976,-0.037,-0.5,-1.0,+0.2,+0.023,-0.966,-0.043,28.86,0.028,0.027,0.020,0.022
2026-06-05T15:00:53.550,53.550,210,WF,L_Knee,0x21,2,210,0.866,-0.008,-0.997,+0.008,-1.1,-0.2,-4.0,-0.027,-0.981,+0.004,28.96,0.044,0.031,0.019,0.026
2026-06-05T15:00:53.804,53.805,211,WF,L_Knee,0x21,2,211,0.862,-0.023,-0.979,-0.011,+1.7,-1.3,+0.6,-0.006,-0.992,-0.001,28.94,0.033,0.016,0.023,0.023
2026-06-05T15:00:54.060,54.060,212,WF,L_Knee,0x21,2,212,0.853,-0.006,-0.996,+0.032,+3.3,+0.2,+2.6,-0.049,-0.970,+0.010,28.82,0.031,0.031,0.018,0.034
2026-06-05T15:00:54.314,54.315,213,WF,L_Knee,0x21,2,213,0.879,-0.030,-1.010,-0.023,+1.2,-0.1,+0.6,+0.009,-0.952,-0.028,28.91,0.017,0.023,0.018,0.030
2026-06-05T15:00:54.570,54.570,214,WF,L_Knee,0x21,2,214,0.835,+0.023,-1.005,+0.014,-2.6,-3.3,-0.7,+0.038,-0.953,+0.001,28.94,0.019,0.029,0.018,0.033
2026-06-05T15:00:54.825,54.825,215,WF,L_Knee,0x21,2,215,0.852,-0.010,-1.007,+0.007,-1.4,-1.0,+4.1,-0.001,-0.986,+0.019,28.93,0.024,0.025,0.020,0.025
2026-06-05T15:00:55.079,55.080,216,WF,L_Knee,0x21,2,216,0.847,-0.002,-0.995,+0.028,+0.2,-0.5,+1.1,-0.010,-0.977,+0.021,28.90,0.032,0.029,0.026,0.041
2026-06-05T15:00:55.335,55.335,217,WF,L_Knee,0x21,2,217,0.831,+0.022,-1.007,+0.018,+0.6,+1.0,-1.3,+0.050,-0.998,+0.049,28.84,0.031,0.035,0.027,0.033
2026-06-05T15:00:55.590,55.590,218,WF,L_Knee,0x21,2,218,0.851,-0.002,-0.988,+0.002,+0.1,-0.5,+3.7,+0.013,-0.977,-0.005,28.92,0.021,0.028,0.042,0.034
2026-06-05T15:00:55.844,55.845,219,WF,L_Knee,0x21,2,219,0.853,-0.013,-0.979,-0.006,+4.2,-1.3,-2.4,-0.028,-0.940,-0.039,28.91,0.021,0.037,0.025,0.024
2026-06-05T15:00:56.100,56.100,220,WF,L_Knee,0x21,2,220,0.847,-0.016,-0.982,-0.024,-1.4,-1.2,+3.4,-0.009,-0.956,-0.014,28.92,0.023,0.021,0.023,0.036
2026-06-05T15:00:56.355,56.355,221,WF,L_Knee,0x21,2,221,0.843,-0.015,-0.982,+0.026,+2.5,+0.1,+3.3,-0.038,-0.948,-0.006,28.87,0.026,0.039,0.027,0.029
2026-06-05T15:00:56.609,56.610,222,WF,L_Knee,0x21,2,222,0.853,+0.028,-1.017,-0.021,+3.3,+0.5,+0.7,+0.008,-1.007,-0.068,28.86,0.040,0.036,0.031,0.038
2026-06-05T15:00:56.865,56.865,223,WF,L_Knee,0x21,2,223,0.865,+0.024,-1.010,-0.028,-0.8,+0.4,+1.2,+0.016,-1.018,-0.047,29.01,0.027,0.024,0.043,0.038
2026-06-05T15:00:57.120,57.120,224,WF,L_Knee,0x21,2,224,0.842,-0.013,-1.003,-0.006,+1.8,+0.1,+0.1,-0.014,-0.982,-0.036,28.93,0.047,0.032,0.031,0.042
2026-06-05T15:00:57.375,57.375,225,WF,L_Knee,0x21,2,225,0.850,+0.018,-0.997,-0.044,+1.1,-0.0,-4.0,+0.030,-0.962,-0.039,28.92,0.034,0.025,0.036,0.040
2026-06-05T15:00:57.630,57.630,226,WF,L_Knee,0x21,2,226,0.849,+0.006,-1.004,+0.029,+1.1,+0.5,+0.0,-0.009,-0.951,+0.030,28.94,0.032,0.033,0.045,0.038
2026-06-05T15:00:57.884,57.885,227,WF,L_Knee,0x21,2,227,0.838,+0.004,-1.006,-0.022,-0.1,+2.0,+4.0,+0.008,-0.974,-0.020,28.95,0.030,0.038,0.036,0.055
2026-06-05T15:00:58.140,58.140,228,WF,L_Knee,0x21,2,228,0.845,+0.018,-1.014,+0.026,+1.2,-0.4,-1.7,+0.002,-1.011,+0.046,28.91,0.048,0.046,0.026,0.040
2026-06-05T15:00:58.395,58.395,229,WF,L_Knee,0x21,2,229,0.847,-0.009,-1.012,-0.003,-2.6,-0.3,-4.6,-0.014,-1.005,+0.018,28.99,0.038,0.034,0.039,0.032
2026-06-05T15:00:58.649,58.650,230,WF,L_Knee,0x21,2,230,0.866,+0.020,-1.005,-0.036,-1.2,-2.4,-1.2,+0.033,-1.002,-0.062,28.92,0.040,0.038,0.038,0.038
2026-06-05T15:00:58.905,58.905,231,WF,L_Knee,0x21,2,231,0.836,-0.007,-0.994,-0.004,+1.9,+0.3,-4.5,-0.005,-0.980,-0.014,28.93,0.024,0.027,0.023,0.043
2026-06-05T15:00:59.160,59.160,232,WF,L_Knee,0x21,2,232,0.852,-0.004,-1.010,-0.015,-2.8,-1.7,-0.9,+0.013,-0.979,-0.010,29.03,0.040,0.023,0.027,0.030
2026-06-05T15:00:59.414,59.415,233,WF,L_Knee,0x21,2,233,0.848,+0.012,-1.001,+0.027,-1.0,-0.0,-4.0,+0.006,-0.942,+0.021,29.05,0.025,0.034,0.025,0.045
2026-06-05T15:00:59.670,59.670,234,WF,L_Knee,0x21,2,234,0.857,+0.000,-0.994,+0.003,+0.3,-1.1,-0.8,+0.020,-0.951,+0.010,29.00,0.023,0.022,0.026,0.052
2026-06-05T15:00:59.925,59.925,235,WF,L_Knee,0x21,2,235,0.841,+0.011,-1.025,-0.014,-0.1,-1.0,-1.4,-0.005,-0.985,-0.021,28.99,0.023,0.023,0.042,0.026
2026-06-05T15:01:00.179,60.180,236,WF,L_Knee,0x21,2,236,0.851,-0.034,-0.992,-0.015,-1.5,-0.5,+5.4,-0.018,-0.982,+0.024,29.00,0.023,0.022,0.029,0.042
2026-06-05T15:01:00.435,60.435,237,WF,L_Knee,0x21,2,237,0.873,+0.015,-1.007,-0.036,+2.2,-0.8,+3.1,+0.036,-0.953,-0.047,28.95,0.024,0.021,0.023,0.029
2026-06-05T15:01:00.689,60.690,238,WF,L_Knee,0x21,2,238,0.848,+0.003,-0.983,+0.008,-0.2,-2.7,-2.1,-0.004,-0.946,+0.011,29.06,0.035,0.032,0.025,0.031
2026-06-05T15:01:00.945,60.945,239,WF,L_Knee,0x21,2,239,0.842,+0.038,-0.997,+0.028,-2.4,-0.2,-2.1,+0.027,-0.961,+0.016,29.01,0.028,0.036,0.022,0.021
2026-06-05T15:01:01.200,61.200,240,WF,L_Knee,0x21,2,240,0.864,+0.002,-1.007,-0.014,+0.3,+0.8,-3.0,+0.010,-0.987,-0.017,29.09,0.021,0.020,0.032,0.024
2026-06-05T15:01:01.454,61.455,241,WF,L_Knee,0x21,2,241,0.854,+0.009,-0.982,+0.043,+1.8,-0.3,+4.8,+0.038,-0.970,-0.003,29.02,0.026,0.028,0.026,0.029
2026-06-05T15:01:01.710,61.710,242,WF,L_Knee,0x21,2,242,0.878,+0.003,-0.989,-0.042,+1.8,-0.4,-1.1,-0.026,-0.960,-0.066,29.02,0.029,0.033,0.016,0.021
2026-06-05T15:01:01.965,61.965,243,WF,L_Knee,0x21,2,243,0.844,+0.000,-1.007,-0.011,-1.2,-3.1,-0.1,+0.022,-0.969,-0.059,29.05,0.032,0.028,0.018,0.029
2026-06-05T15:01:02.219,62.220,244,WF,L_Knee,0x21,2,244,0.842,-0.015,-0.988,+0.010,+5.0,-1.2,-1.2,-0.031,-0.967,+0.014,29.01,0.017,0.025,0.017,0.027
2026-06-05T15:01:02.475,62.475,245,WF,L_Knee,0x21,2,245,0.854,+0.031,-1.011,+0.013,-1.6,-0.7,+4.5,-0.005,-0.991,+0.029,29.05,0.024,0.035,0.026,0.038
2026-06-05T15:01:02.730,62.730,246,WF,L_Knee,0x21,2,246,0.857,-0.003,-0.971,-0.016,+0.4,+1.9,-5.1,-0.010,-0.917,+0.003,29.14,0.020,0.025,0.029,0.049
2026-06-05T15:01:02.984,62.985,247,WF,L_Knee,0x21,2,247,0.860,+0.018,-0.978,-0.018,+0.3,+1.2,+4.2,+0.028,-0.916,-0.016,29.15,0.025,0.029,0.052,0.037
2026-06-05T15:01:03.240,63.240,248,WF,L_Knee,0x21,2,248,0.851,+0.011,-0.978,-0.008,-1.3,+1.2,-3.8,+0.009,-0.954,-0.037,29.07,0.028,0.030,0.029,0.052
2026-06-05T15:01:03.495,63.495,249,WF,L_Knee,0x21,2,249,0.852,-0.011,-1.006,+0.030,+2.1,-0.1,+2.2,+0.003,-0.968,+0.047,29.03,0.039,0.029,0.041,0.048
2026-06-05T15:01:03.750,63.750,250,WF,L_Knee,0x21,2,250,0.839,+0.006,-0.982,+0.026,+1.9,+3.2,-3.3,+0.021,-0.972,+0.004,29.05,0.024,0.027,0.024,0.040
2026-06-05T15:01:04.004,64.005,251,WF,L_Knee,0x21,2,251,0.870,+0.037,-1.021,+0.002,+0.2,+0.3,+2.1,+0.030,-1.017,-0.001,29.03,0.034,0.034,0.038,0.052
2026-06-05T15:01:04.260,64.260,252,WF,L_Knee,0x21,2,252,0.843,-0.003,-0.992,-0.026,-0.3,+2.1,-1.8,+0.017,-0.946,-0.037,29.11,0.026,0.040,0.029,0.065
2026-06-05T15:01:04.515,64.515,253,WF,L_Knee,0x21,2,253,0.838,-0.013,-1.002,-0.027,+0.7,-3.2,-3.8,-0.021,-0.984,-0.028,29.06,0.047,0.035,0.038,0.043
2026-06-05T15:01:04.769,64.770,254,WF,L_Knee,0x21,2,254,0.837,-0.043,-1.026,-0.005,-2.1,+2.0,+3.3,-0.011,-0.997,+0.000,29.09,0.041,0.034,0.031,0.049
