timestamp_iso,t_s,round,node,label,present_mask_hex,version,node_seq,ax_g,ay_g,az_g,gx_dps,gy_dps,gz_dps,hx_g,hy_g,hz_g,imu_temp_c,eeg_delta,eeg_theta,eeg_alpha,eeg_beta,eeg_gamma
2025-06-01T14:30:00.000,0.000,0,HEAD,Head_main,0x09,2,0,-0.391,+0.899,+0.069,+2.9,+1.8,+4.7,-0.392,+0.907,+0.093,29.00,0.346,0.197,0.235,0.146,0.076
2025-06-01T14:30:00.255,0.255,1,HEAD,Head_main,0x09,2,1,-0.381,+0.897,+0.062,-0.4,+1.4,-6.8,-0.370,+0.870,+0.046,28.97,0.349,0.191,0.227,0.139,0.094
2025-06-01T14:30:00.510,0.510,2,HEAD,Head_main,0x09,2,2,-0.399,+0.913,+0.071,+0.6,-0.3,-3.3,-0.425,+0.920,+0.078,28.98,0.340,0.196,0.220,0.160,0.085
2025-06-01T14:30:00.765,0.765,3,HEAD,Head_main,0x09,2,3,-0.390,+0.898,+0.076,+0.1,+3.0,+1.1,-0.389,+0.898,+0.070,29.00,0.358,0.222,0.211,0.156,0.053
2025-06-01T14:30:01.020,1.020,4,HEAD,Head_main,0x09,2,4,-0.395,+0.900,+0.061,+0.7,+1.7,+0.1,-0.398,+0.900,+0.060,29.00,0.349,0.192,0.219,0.160,0.080
2025-06-01T14:30:01.275,1.275,5,HEAD,Head_main,0x09,2,5,-0.421,+0.893,+0.094,-0.8,+0.4,-3.7,-0.431,+0.858,+0.088,28.97,0.337,0.206,0.223,0.167,0.067
2025-06-01T14:30:01.530,1.530,6,HEAD,Head_main,0x09,2,6,-0.405,+0.892,+0.080,+1.0,+0.9,+2.2,-0.374,+0.895,+0.091,28.98,0.351,0.192,0.219,0.146,0.091
2025-06-01T14:30:01.785,1.785,7,HEAD,Head_main,0x09,2,7,-0.404,+0.918,+0.068,+1.5,+3.3,-0.9,-0.437,+0.921,+0.044,29.06,0.344,0.190,0.200,0.159,0.106
2025-06-01T14:30:02.040,2.040,8,HEAD,Head_main,0x09,2,8,-0.396,+0.899,+0.072,+0.5,-0.0,+0.1,-0.398,+0.925,+0.067,29.01,0.350,0.191,0.233,0.150,0.076
2025-06-01T14:30:02.295,2.295,9,HEAD,Head_main,0x09,2,9,-0.392,+0.887,+0.062,-0.7,-2.0,+0.8,-0.390,+0.889,+0.069,29.04,0.348,0.212,0.213,0.147,0.080
2025-06-01T14:30:02.550,2.550,10,HEAD,Head_main,0x09,2,10,-0.404,+0.892,+0.054,-1.3,+0.7,-2.4,-0.401,+0.891,+0.072,29.06,0.349,0.219,0.211,0.146,0.076
2025-06-01T14:30:02.805,2.805,11,HEAD,Head_main,0x09,2,11,-0.390,+0.907,+0.074,-2.5,-1.1,+2.2,-0.363,+0.893,+0.096,29.03,0.354,0.202,0.214,0.148,0.082
2025-06-01T14:30:03.060,3.060,12,HEAD,Head_main,0x09,2,12,-0.403,+0.893,+0.062,+0.6,-2.7,+2.2,-0.446,+0.903,+0.066,29.11,0.344,0.192,0.217,0.161,0.086
2025-06-01T14:30:03.315,3.315,13,HEAD,Head_main,0x09,2,13,-0.397,+0.890,+0.078,-4.0,-1.8,+0.7,-0.405,+0.906,+0.101,28.96,0.347,0.200,0.217,0.146,0.090
2025-06-01T14:30:03.570,3.570,14,HEAD,Head_main,0x09,2,14,-0.385,+0.889,+0.053,-0.0,+0.2,-1.4,-0.403,+0.903,+0.079,29.04,0.368,0.200,0.211,0.151,0.071
2025-06-01T14:30:03.825,3.825,15,HEAD,Head_main,0x09,2,15,-0.408,+0.916,+0.059,-2.4,-0.6,+2.7,-0.437,+0.933,+0.057,28.98,0.353,0.203,0.206,0.144,0.094
2025-06-01T14:30:04.080,4.080,16,HEAD,Head_main,0x09,2,16,-0.393,+0.900,+0.055,-0.1,+4.4,+1.3,-0.406,+0.897,+0.094,29.09,0.359,0.200,0.220,0.151,0.070
2025-06-01T14:30:04.335,4.335,17,HEAD,Head_main,0x09,2,17,-0.389,+0.884,+0.065,-0.8,+2.7,-0.5,-0.383,+0.857,+0.096,29.09,0.350,0.203,0.222,0.142,0.083
2025-06-01T14:30:04.590,4.590,18,HEAD,Head_main,0x09,2,18,-0.400,+0.895,+0.036,+1.8,-2.8,-1.1,-0.408,+0.897,+0.031,28.90,0.346,0.205,0.215,0.144,0.091
2025-06-01T14:30:04.845,4.845,19,HEAD,Head_main,0x09,2,19,-0.416,+0.894,+0.065,-0.7,+2.2,-2.4,-0.379,+0.922,+0.063,28.95,0.357,0.194,0.214,0.149,0.087
2025-06-01T14:30:05.100,5.100,20,HEAD,Head_main,0x09,2,20,-0.394,+0.940,+0.238,+2.1,+3.5,+4.8,-0.426,+0.964,+0.230,29.03,0.299,0.183,0.158,0.255,0.105
2025-06-01T14:30:05.355,5.355,21,HEAD,Head_main,0x09,2,21,-0.409,+0.933,+0.166,+2.1,+7.7,+21.0,-0.404,+0.920,+0.164,29.05,0.309,0.167,0.163,0.255,0.106
2025-06-01T14:30:05.610,5.610,22,HEAD,Head_main,0x09,2,22,-0.398,+0.893,+0.078,+1.0,+9.8,+24.1,-0.393,+0.933,+0.085,29.05,0.297,0.177,0.173,0.246,0.106
2025-06-01T14:30:05.865,5.865,23,HEAD,Head_main,0x09,2,23,-0.412,+0.867,-0.042,+0.9,+7.3,+22.8,-0.411,+0.894,-0.036,29.01,0.299,0.167,0.151,0.272,0.110
2025-06-01T14:30:06.120,6.120,24,HEAD,Head_main,0x09,2,24,-0.395,+0.850,-0.091,+4.8,+1.8,+6.0,-0.384,+0.866,-0.099,29.04,0.277,0.175,0.172,0.258,0.119
2025-06-01T14:30:06.375,6.375,25,HEAD,Head_main,0x09,2,25,-0.380,+0.854,-0.103,+0.7,-4.6,-10.2,-0.387,+0.835,-0.093,29.06,0.297,0.174,0.172,0.259,0.099
2025-06-01T14:30:06.630,6.630,26,HEAD,Head_main,0x09,2,26,-0.391,+0.871,-0.042,-2.8,-5.0,-23.7,-0.383,+0.884,-0.017,29.02,0.300,0.181,0.155,0.249,0.115
2025-06-01T14:30:06.885,6.885,27,HEAD,Head_main,0x09,2,27,-0.407,+0.913,+0.095,+2.7,-8.2,-24.5,-0.413,+0.931,+0.114,29.08,0.294,0.176,0.160,0.259,0.111
2025-06-01T14:30:07.140,7.140,28,HEAD,Head_main,0x09,2,28,-0.403,+0.940,+0.183,+2.3,-5.6,-17.9,-0.414,+0.983,+0.196,28.92,0.313,0.167,0.147,0.256,0.117
2025-06-01T14:30:07.395,7.395,29,HEAD,Head_main,0x09,2,29,-0.401,+0.951,+0.264,-1.9,-0.8,-2.7,-0.420,+0.943,+0.258,29.07,0.306,0.176,0.146,0.255,0.117
2025-06-01T14:30:07.650,7.650,30,HEAD,Head_main,0x09,2,30,-0.394,+0.943,+0.242,-0.7,+1.0,+8.6,-0.403,+0.937,+0.236,28.99,0.300,0.172,0.148,0.255,0.126
2025-06-01T14:30:07.905,7.905,31,HEAD,Head_main,0x09,2,31,-0.403,+0.942,+0.152,-4.8,+6.8,+22.9,-0.390,+0.966,+0.185,29.10,0.291,0.187,0.155,0.252,0.115
2025-06-01T14:30:08.160,8.160,32,HEAD,Head_main,0x09,2,32,-0.408,+0.888,+0.052,-2.8,+5.4,+28.3,-0.418,+0.911,+0.054,29.04,0.292,0.189,0.151,0.254,0.114
2025-06-01T14:30:08.415,8.415,33,HEAD,Head_main,0x09,2,33,-0.406,+0.868,-0.041,-0.9,+6.8,+18.3,-0.393,+0.886,-0.056,29.01,0.296,0.187,0.154,0.248,0.115
2025-06-01T14:30:08.670,8.670,34,HEAD,Head_main,0x09,2,34,-0.424,+0.842,-0.089,+1.9,+0.6,+2.7,-0.429,+0.832,-0.071,29.08,0.294,0.169,0.154,0.260,0.123
2025-06-01T14:30:08.925,8.925,35,HEAD,Head_main,0x09,2,35,-0.401,+0.866,-0.089,-8.9,-4.7,-7.8,-0.402,+0.854,-0.056,29.02,0.323,0.198,0.141,0.245,0.093
2025-06-01T14:30:09.180,9.180,36,HEAD,Head_main,0x09,2,36,-0.409,+0.888,-0.018,-3.4,-9.3,-21.1,-0.385,+0.893,-0.048,29.02,0.297,0.163,0.163,0.255,0.122
2025-06-01T14:30:09.435,9.435,37,HEAD,Head_main,0x09,2,37,-0.401,+0.913,+0.088,-2.8,-9.0,-27.0,-0.425,+0.923,+0.121,29.00,0.293,0.200,0.150,0.247,0.110
2025-06-01T14:30:09.690,9.690,38,HEAD,Head_main,0x09,2,38,-0.407,+0.924,+0.181,+0.4,-3.5,-20.8,-0.410,+0.942,+0.162,29.08,0.293,0.175,0.154,0.270,0.108
2025-06-01T14:30:09.945,9.945,39,HEAD,Head_main,0x09,2,39,-0.393,+0.938,+0.236,+4.3,-1.8,-4.2,-0.376,+0.924,+0.253,29.11,0.303,0.162,0.166,0.262,0.107
2025-06-01T14:30:10.200,10.200,40,HEAD,Head_main,0x09,2,40,-0.381,+0.923,+0.233,+1.5,+4.6,+16.8,-0.370,+0.893,+0.235,29.14,0.293,0.210,0.151,0.254,0.093
2025-06-01T14:30:10.455,10.455,41,HEAD,Head_main,0x09,2,41,-0.398,+0.927,+0.136,+0.1,+9.2,+22.3,-0.391,+0.948,+0.124,29.08,0.307,0.192,0.143,0.254,0.104
2025-06-01T14:30:10.710,10.710,42,HEAD,Head_main,0x09,2,42,-0.389,+0.879,+0.030,+2.1,+7.8,+27.5,-0.362,+0.877,+0.012,29.15,0.306,0.172,0.152,0.266,0.104
2025-06-01T14:30:10.965,10.965,43,HEAD,Head_main,0x09,2,43,-0.406,+0.869,-0.073,+3.6,+6.7,+16.8,-0.415,+0.866,-0.093,29.10,0.291,0.185,0.163,0.244,0.117
2025-06-01T14:30:11.220,11.220,44,HEAD,Head_main,0x09,2,44,-0.404,+0.867,-0.098,-0.3,+1.6,+7.3,-0.402,+0.886,-0.122,29.10,0.309,0.179,0.167,0.248,0.096
2025-06-01T14:30:11.475,11.475,45,HEAD,Head_main,0x09,2,45,-0.386,+0.889,-0.084,-0.0,-8.1,-11.1,-0.351,+0.862,-0.091,29.14,0.307,0.178,0.162,0.232,0.122
2025-06-01T14:30:11.730,11.730,46,HEAD,Head_main,0x09,2,46,-0.391,+0.886,+0.018,+3.8,-7.4,-24.8,-0.414,+0.886,+0.039,29.17,0.304,0.169,0.154,0.258,0.116
2025-06-01T14:30:11.985,11.985,47,HEAD,Head_main,0x09,2,47,-0.399,+0.911,+0.110,-2.2,-8.8,-26.8,-0.388,+0.904,+0.105,29.10,0.301,0.178,0.156,0.255,0.110
2025-06-01T14:30:12.240,12.240,48,HEAD,Head_main,0x09,2,48,-0.412,+0.922,+0.208,-1.3,-2.2,-15.9,-0.401,+0.932,+0.247,29.11,0.302,0.188,0.154,0.251,0.105
2025-06-01T14:30:12.495,12.495,49,HEAD,Head_main,0x09,2,49,-0.395,+0.948,+0.247,+4.3,+0.7,-3.1,-0.388,+0.948,+0.242,29.12,0.304,0.183,0.165,0.244,0.103
2025-06-01T14:30:12.750,12.750,50,HEAD,Head_main,0x09,2,50,-0.402,+0.921,+0.207,+3.3,+6.8,+15.1,-0.393,+0.934,+0.194,29.13,0.312,0.195,0.142,0.250,0.100
2025-06-01T14:30:13.005,13.005,51,HEAD,Head_main,0x09,2,51,-0.392,+0.898,+0.111,+4.4,+7.4,+23.6,-0.408,+0.874,+0.111,29.09,0.308,0.179,0.170,0.240,0.103
2025-06-01T14:30:13.260,13.260,52,HEAD,Head_main,0x09,2,52,-0.403,+0.878,-0.006,+4.2,+6.5,+23.7,-0.399,+0.871,+0.027,29.19,0.301,0.196,0.150,0.246,0.106
2025-06-01T14:30:13.515,13.515,53,HEAD,Head_main,0x09,2,53,-0.401,+0.853,-0.093,+5.2,+6.3,+10.6,-0.403,+0.837,-0.107,29.12,0.309,0.171,0.151,0.262,0.107
2025-06-01T14:30:13.770,13.770,54,HEAD,Head_main,0x09,2,54,-0.393,+0.872,-0.116,-2.6,-2.8,-4.6,-0.386,+0.893,-0.116,29.17,0.318,0.185,0.166,0.234,0.097
2025-06-01T14:30:14.025,14.025,55,HEAD,Head_main,0x09,2,55,-0.395,+0.868,-0.060,-6.3,-3.2,-17.3,-0.391,+0.893,-0.039,29.11,0.308,0.162,0.171,0.250,0.108
2025-06-01T14:30:14.280,14.280,56,HEAD,Head_main,0x09,2,56,-0.397,+0.871,+0.027,+6.9,-6.5,-24.8,-0.361,+0.873,+0.018,29.17,0.296,0.174,0.170,0.255,0.105
2025-06-01T14:30:14.535,14.535,57,HEAD,Head_main,0x09,2,57,-0.408,+0.910,+0.143,+4.0,-9.8,-22.8,-0.388,+0.924,+0.153,29.18,0.290,0.188,0.166,0.248,0.108
2025-06-01T14:30:14.790,14.790,58,HEAD,Head_main,0x09,2,58,-0.403,+0.934,+0.220,+4.5,-4.7,-12.2,-0.361,+0.930,+0.217,29.14,0.302,0.170,0.161,0.239,0.128
2025-06-01T14:30:15.045,15.045,59,HEAD,Head_main,0x09,2,59,-0.403,+0.942,+0.245,+5.7,+0.9,+3.1,-0.383,+0.930,+0.242,29.27,0.291,0.182,0.169,0.244,0.114
2025-06-01T14:30:15.300,15.300,60,HEAD,Head_main,0x09,2,60,-0.391,+0.937,+0.187,+0.6,+6.9,+20.3,-0.382,+0.964,+0.185,29.19,0.307,0.178,0.171,0.238,0.106
2025-06-01T14:30:15.555,15.555,61,HEAD,Head_main,0x09,2,61,-0.400,+0.898,+0.114,+3.6,+7.6,+25.5,-0.385,+0.896,+0.109,29.26,0.304,0.174,0.163,0.263,0.096
2025-06-01T14:30:15.810,15.810,62,HEAD,Head_main,0x09,2,62,-0.401,+0.884,-0.015,+0.5,+10.0,+19.8,-0.375,+0.911,-0.000,29.23,0.294,0.179,0.176,0.254,0.097
2025-06-01T14:30:16.065,16.065,63,HEAD,Head_main,0x09,2,63,-0.408,+0.860,-0.099,+2.2,+3.1,+12.2,-0.423,+0.907,-0.130,29.15,0.317,0.176,0.163,0.250,0.094
2025-06-01T14:30:16.320,16.320,64,HEAD,Head_main,0x09,2,64,-0.411,+0.854,-0.100,-5.6,+1.4,-5.3,-0.439,+0.832,-0.125,29.17,0.303,0.173,0.159,0.250,0.116
2025-06-01T14:30:16.575,16.575,65,HEAD,Head_main,0x09,2,65,-0.419,+0.859,-0.066,+0.6,-9.1,-19.8,-0.446,+0.871,-0.075,29.21,0.305,0.189,0.152,0.250,0.103
2025-06-01T14:30:16.830,16.830,66,HEAD,Head_main,0x09,2,66,-0.384,+0.894,+0.053,-5.8,-6.8,-22.7,-0.368,+0.889,+0.023,29.20,0.310,0.187,0.157,0.235,0.111
2025-06-01T14:30:17.085,17.085,67,HEAD,Head_main,0x09,2,67,-0.411,+0.915,+0.178,-5.4,-9.4,-25.7,-0.417,+0.923,+0.159,29.20,0.307,0.172,0.166,0.253,0.103
2025-06-01T14:30:17.340,17.340,68,HEAD,Head_main,0x09,2,68,-0.391,+0.931,+0.250,+1.1,-4.9,-9.1,-0.396,+0.887,+0.226,29.19,0.308,0.174,0.149,0.257,0.113
2025-06-01T14:30:17.595,17.595,69,HEAD,Head_main,0x09,2,69,-0.387,+0.949,+0.261,+3.9,+2.6,+9.8,-0.384,+0.961,+0.259,29.12,0.276,0.183,0.167,0.249,0.124
2025-06-01T14:30:17.850,17.850,70,HEAD,Head_main,0x09,2,70,-0.408,+0.916,+0.178,-3.2,+5.6,+17.7,-0.392,+0.900,+0.145,29.20,0.294,0.179,0.164,0.260,0.103
2025-06-01T14:30:18.105,18.105,71,HEAD,Head_main,0x09,2,71,-0.414,+0.901,+0.079,+0.7,+10.7,+29.2,-0.421,+0.908,+0.073,29.11,0.290,0.187,0.160,0.258,0.105
2025-06-01T14:30:18.360,18.360,72,HEAD,Head_main,0x09,2,72,-0.414,+0.883,-0.025,-1.4,+8.8,+25.6,-0.429,+0.892,-0.038,29.24,0.297,0.212,0.141,0.245,0.104
2025-06-01T14:30:18.615,18.615,73,HEAD,Head_main,0x09,2,73,-0.404,+0.860,-0.111,+4.3,+1.2,+6.6,-0.413,+0.877,-0.091,29.19,0.299,0.187,0.157,0.240,0.118
2025-06-01T14:30:18.870,18.870,74,HEAD,Head_main,0x09,2,74,-0.402,+0.845,-0.090,+5.0,-5.2,-6.4,-0.386,+0.846,-0.122,29.20,0.305,0.176,0.163,0.259,0.097
2025-06-01T14:30:19.125,19.125,75,HEAD,Head_main,0x09,2,75,-0.381,+0.879,-0.026,+3.3,-6.2,-17.5,-0.384,+0.886,-0.059,29.22,0.299,0.180,0.154,0.267,0.100
2025-06-01T14:30:19.380,19.380,76,HEAD,Head_main,0x09,2,76,-0.406,+0.900,+0.097,+0.4,-10.0,-27.3,-0.394,+0.895,+0.065,29.25,0.301,0.179,0.168,0.253,0.100
2025-06-01T14:30:19.635,19.635,77,HEAD,Head_main,0x09,2,77,-0.409,+0.923,+0.179,+5.0,-6.2,-22.9,-0.388,+0.895,+0.156,29.17,0.333,0.178,0.142,0.248,0.100
2025-06-01T14:30:19.890,19.890,78,HEAD,Head_main,0x09,2,78,-0.414,+0.955,+0.240,-3.1,-2.4,-10.1,-0.419,+0.944,+0.222,29.16,0.298,0.172,0.168,0.246,0.116
2025-06-01T14:30:20.145,20.145,79,HEAD,Head_main,0x09,2,79,-0.411,+0.962,+0.234,-4.2,+1.7,+14.6,-0.427,+0.953,+0.245,29.20,0.288,0.176,0.154,0.246,0.136
2025-06-01T14:30:20.400,20.400,80,HEAD,Head_main,0x09,2,80,-0.416,+0.919,+0.171,+1.9,+7.2,+23.3,-0.439,+0.914,+0.154,29.15,0.308,0.179,0.172,0.239,0.102
2025-06-01T14:30:20.655,20.655,81,HEAD,Head_main,0x09,2,81,-0.398,+0.893,+0.061,+2.7,+9.1,+25.3,-0.407,+0.896,+0.056,29.21,0.303,0.187,0.141,0.250,0.119
2025-06-01T14:30:20.910,20.910,82,HEAD,Head_main,0x09,2,82,-0.393,+0.877,-0.066,+10.2,+4.5,+22.1,-0.413,+0.883,-0.069,29.34,0.297,0.179,0.169,0.241,0.114
2025-06-01T14:30:21.165,21.165,83,HEAD,Head_main,0x09,2,83,-0.405,+0.849,-0.104,+0.5,-0.7,+7.7,-0.401,+0.871,-0.094,29.22,0.314,0.182,0.161,0.243,0.101
2025-06-01T14:30:21.420,21.420,84,HEAD,Head_main,0x09,2,84,-0.402,+0.854,-0.075,-6.9,-2.2,-9.8,-0.427,+0.893,-0.104,29.31,0.296,0.168,0.169,0.260,0.108
2025-06-01T14:30:21.675,21.675,85,HEAD,Head_main,0x09,2,85,-0.414,+0.871,-0.029,-8.4,-7.1,-20.6,-0.411,+0.852,-0.047,29.21,0.294,0.199,0.152,0.246,0.109
2025-06-01T14:30:21.930,21.930,86,HEAD,Head_main,0x09,2,86,-0.395,+0.904,+0.101,-2.3,-9.0,-26.4,-0.403,+0.908,+0.099,29.30,0.304,0.186,0.155,0.251,0.104
2025-06-01T14:30:22.185,22.185,87,HEAD,Head_main,0x09,2,87,-0.399,+0.922,+0.171,+3.1,-5.3,-18.7,-0.383,+0.931,+0.197,29.27,0.287,0.184,0.170,0.239,0.120
2025-06-01T14:30:22.440,22.440,88,HEAD,Head_main,0x09,2,88,-0.400,+0.943,+0.243,+5.5,+1.4,-4.3,-0.422,+0.939,+0.228,29.29,0.299,0.191,0.154,0.263,0.093
2025-06-01T14:30:22.695,22.695,89,HEAD,Head_main,0x09,2,89,-0.389,+0.949,+0.237,-4.0,+4.8,+12.7,-0.387,+0.963,+0.221,29.32,0.300,0.193,0.151,0.244,0.113
2025-06-01T14:30:22.950,22.950,90,HEAD,Head_main,0x09,2,90,-0.395,+0.918,+0.152,-0.8,+7.8,+27.0,-0.381,+0.875,+0.165,29.39,0.300,0.178,0.158,0.251,0.114
2025-06-01T14:30:23.205,23.205,91,HEAD,Head_main,0x09,2,91,-0.394,+0.901,+0.023,-0.3,+7.6,+25.2,-0.425,+0.915,+0.023,29.31,0.325,0.185,0.148,0.239,0.103
2025-06-01T14:30:23.460,23.460,92,HEAD,Head_main,0x09,2,92,-0.391,+0.867,-0.079,-2.7,+4.6,+14.5,-0.384,+0.864,-0.080,29.31,0.279,0.197,0.164,0.255,0.106
2025-06-01T14:30:23.715,23.715,93,HEAD,Head_main,0x09,2,93,-0.399,+0.848,-0.100,+2.1,+1.1,+4.4,-0.410,+0.812,-0.066,29.26,0.303,0.162,0.171,0.248,0.115
2025-06-01T14:30:23.970,23.970,94,HEAD,Head_main,0x09,2,94,-0.387,+0.866,-0.079,-3.2,-5.3,-9.7,-0.405,+0.861,-0.094,29.35,0.301,0.193,0.154,0.240,0.112
2025-06-01T14:30:24.225,24.225,95,HEAD,Head_main,0x09,2,95,-0.401,+0.879,-0.018,-0.7,-5.6,-20.8,-0.431,+0.918,-0.004,29.31,0.298,0.196,0.142,0.249,0.114
2025-06-01T14:30:24.480,24.480,96,HEAD,Head_main,0x09,2,96,-0.409,+0.907,+0.123,-1.1,-7.6,-24.5,-0.408,+0.905,+0.160,29.37,0.296,0.178,0.166,0.248,0.113
2025-06-01T14:30:24.735,24.735,97,HEAD,Head_main,0x09,2,97,-0.411,+0.944,+0.222,-3.5,-3.4,-16.1,-0.423,+0.985,+0.212,29.33,0.305,0.185,0.169,0.252,0.089
2025-06-01T14:30:24.990,24.990,98,HEAD,Head_main,0x09,2,98,-0.400,+0.951,+0.223,-0.5,+0.0,-2.3,-0.408,+0.995,+0.266,29.42,0.293,0.181,0.158,0.252,0.117
2025-06-01T14:30:25.245,25.245,99,HEAD,Head_main,0x09,2,99,-0.387,+0.932,+0.214,-1.0,+3.4,+20.0,-0.373,+0.939,+0.227,29.24,0.290,0.166,0.164,0.252,0.127
2025-06-01T14:30:25.500,25.500,100,HEAD,Head_main,0x09,2,100,-0.406,+0.900,+0.119,-3.5,+8.0,+22.6,-0.466,+0.895,+0.124,29.33,0.296,0.185,0.152,0.246,0.121
2025-06-01T14:30:25.755,25.755,101,HEAD,Head_main,0x09,2,101,-0.388,+0.893,+0.020,-6.3,+9.6,+23.3,-0.371,+0.908,+0.048,29.39,0.297,0.172,0.159,0.251,0.121
2025-06-01T14:30:26.010,26.010,102,HEAD,Head_main,0x09,2,102,-0.406,+0.851,-0.053,+8.2,+5.3,+12.8,-0.362,+0.880,-0.050,29.33,0.319,0.181,0.153,0.248,0.100
2025-06-01T14:30:26.265,26.265,103,HEAD,Head_main,0x09,2,103,-0.395,+0.858,-0.124,+0.4,-1.5,-4.1,-0.397,+0.895,-0.174,29.31,0.310,0.176,0.148,0.256,0.110
2025-06-01T14:30:26.520,26.520,104,HEAD,Head_main,0x09,2,104,-0.397,+0.863,-0.079,+4.0,-6.1,-17.7,-0.405,+0.871,-0.075,29.35,0.309,0.176,0.167,0.248,0.100
2025-06-01T14:30:26.775,26.775,105,HEAD,Head_main,0x09,2,105,-0.397,+0.877,+0.040,-0.8,-10.0,-24.4,-0.400,+0.861,+0.037,29.29,0.298,0.178,0.150,0.272,0.102
2025-06-01T14:30:27.030,27.030,106,HEAD,Head_main,0x09,2,106,-0.392,+0.923,+0.110,+1.8,-9.1,-24.0,-0.375,+0.954,+0.081,29.37,0.296,0.176,0.174,0.239,0.114
2025-06-01T14:30:27.285,27.285,107,HEAD,Head_main,0x09,2,107,-0.411,+0.945,+0.230,-1.8,-5.6,-10.2,-0.364,+0.911,+0.244,29.49,0.324,0.170,0.165,0.236,0.105
2025-06-01T14:30:27.540,27.540,108,HEAD,Head_main,0x09,2,108,-0.394,+0.946,+0.253,+3.0,+2.5,+4.9,-0.411,+0.943,+0.242,29.43,0.299,0.199,0.152,0.241,0.108
2025-06-01T14:30:27.795,27.795,109,HEAD,Head_main,0x09,2,109,-0.398,+0.922,+0.201,-0.4,+4.9,+17.6,-0.458,+0.924,+0.183,29.32,0.289,0.194,0.170,0.254,0.092
2025-06-01T14:30:28.050,28.050,110,HEAD,Head_main,0x09,2,110,-0.407,+0.892,+0.101,+0.4,+9.4,+23.8,-0.402,+0.903,+0.144,29.34,0.288,0.188,0.178,0.238,0.108
2025-06-01T14:30:28.305,28.305,111,HEAD,Head_main,0x09,2,111,-0.418,+0.880,-0.016,-3.0,+6.1,+26.1,-0.421,+0.870,+0.007,29.37,0.292,0.180,0.168,0.246,0.113
2025-06-01T14:30:28.560,28.560,112,HEAD,Head_main,0x09,2,112,-0.402,+0.862,-0.081,+0.7,+1.4,+10.8,-0.406,+0.866,-0.051,29.44,0.318,0.181,0.149,0.248,0.104
2025-06-01T14:30:28.815,28.815,113,HEAD,Head_main,0x09,2,113,-0.394,+0.858,-0.118,+2.0,-1.7,-4.2,-0.399,+0.877,-0.083,29.36,0.292,0.186,0.164,0.254,0.103
2025-06-01T14:30:29.070,29.070,114,HEAD,Head_main,0x09,2,114,-0.401,+0.873,-0.037,+5.2,-8.4,-20.8,-0.444,+0.876,-0.063,29.37,0.298,0.176,0.166,0.237,0.123
2025-06-01T14:30:29.325,29.325,115,HEAD,Head_main,0x09,2,115,-0.389,+0.893,+0.041,-6.1,-10.8,-24.7,-0.384,+0.878,+0.077,29.45,0.318,0.169,0.161,0.250,0.102
2025-06-01T14:30:29.580,29.580,116,HEAD,Head_main,0x09,2,116,-0.391,+0.925,+0.158,-1.8,-8.3,-22.7,-0.406,+0.941,+0.138,29.45,0.313,0.185,0.150,0.254,0.098
2025-06-01T14:30:29.835,29.835,117,HEAD,Head_main,0x09,2,117,-0.383,+0.947,+0.252,+1.3,-3.4,-10.5,-0.378,+0.951,+0.231,29.40,0.299,0.202,0.164,0.236,0.098
2025-06-01T14:30:30.090,30.090,118,HEAD,Head_main,0x09,2,118,-0.405,+0.906,+0.093,+0.8,+1.7,+2.8,-0.415,+0.888,+0.100,29.36,0.353,0.183,0.224,0.147,0.093
2025-06-01T14:30:30.345,30.345,119,HEAD,Head_main,0x09,2,119,-0.386,+0.901,+0.063,+1.8,+1.4,-0.8,-0.405,+0.888,+0.056,29.34,0.346,0.209,0.208,0.136,0.101
2025-06-01T14:30:30.600,30.600,120,HEAD,Head_main,0x09,2,120,-0.383,+0.892,+0.056,-0.0,-1.9,-0.2,-0.420,+0.930,+0.090,29.39,0.352,0.205,0.217,0.143,0.084
2025-06-01T14:30:30.855,30.855,121,HEAD,Head_main,0x09,2,121,-0.400,+0.895,+0.071,-1.8,-3.3,+1.7,-0.374,+0.893,+0.064,29.32,0.354,0.200,0.214,0.158,0.073
2025-06-01T14:30:31.110,31.110,122,HEAD,Head_main,0x09,2,122,-0.390,+0.909,+0.066,+0.7,-0.4,+2.4,-0.393,+0.921,+0.078,29.47,0.348,0.216,0.225,0.135,0.076
2025-06-01T14:30:31.365,31.365,123,HEAD,Head_main,0x09,2,123,-0.411,+0.903,+0.065,+1.1,+0.2,-3.4,-0.405,+0.895,+0.065,29.41,0.350,0.188,0.221,0.150,0.091
2025-06-01T14:30:31.620,31.620,124,HEAD,Head_main,0x09,2,124,-0.403,+0.891,+0.076,+1.3,-1.7,+0.9,-0.373,+0.889,+0.061,29.47,0.356,0.196,0.225,0.153,0.069
2025-06-01T14:30:31.875,31.875,125,HEAD,Head_main,0x09,2,125,-0.410,+0.895,+0.072,+1.9,+0.8,+1.4,-0.401,+0.896,+0.067,29.54,0.328,0.212,0.224,0.144,0.093
2025-06-01T14:30:32.130,32.130,126,HEAD,Head_main,0x09,2,126,-0.404,+0.899,+0.078,+0.3,+0.3,+0.9,-0.400,+0.891,+0.069,29.51,0.352,0.198,0.204,0.152,0.094
2025-06-01T14:30:32.385,32.385,127,HEAD,Head_main,0x09,2,127,-0.383,+0.914,+0.087,+0.7,-1.1,-2.2,-0.429,+0.930,+0.091,29.40,0.348,0.200,0.229,0.142,0.082
2025-06-01T14:30:32.640,32.640,128,HEAD,Head_main,0x09,2,128,-0.398,+0.891,+0.048,-0.4,+3.4,+0.1,-0.377,+0.913,+0.045,29.50,0.341,0.195,0.222,0.158,0.084
2025-06-01T14:30:32.895,32.895,129,HEAD,Head_main,0x09,2,129,-0.398,+0.900,+0.073,-1.9,+0.5,+1.7,-0.382,+0.917,+0.089,29.52,0.349,0.190,0.219,0.157,0.085
2025-06-01T14:30:33.150,33.150,130,HEAD,Head_main,0x09,2,130,-0.397,+0.904,+0.071,+1.2,-1.6,-3.8,-0.419,+0.897,+0.066,29.43,0.335,0.207,0.221,0.146,0.092
2025-06-01T14:30:33.405,33.405,131,HEAD,Head_main,0x09,2,131,-0.404,+0.900,+0.078,-1.0,+0.4,+0.0,-0.435,+0.889,+0.084,29.43,0.371,0.198,0.222,0.137,0.072
2025-06-01T14:30:33.660,33.660,132,HEAD,Head_main,0x09,2,132,-0.392,+0.896,+0.078,+1.2,-0.3,-0.2,-0.386,+0.858,+0.110,29.47,0.339,0.212,0.214,0.142,0.093
2025-06-01T14:30:33.915,33.915,133,HEAD,Head_main,0x09,2,133,-0.404,+0.894,+0.063,-1.5,+1.2,+0.9,-0.408,+0.916,+0.073,29.40,0.356,0.185,0.226,0.158,0.075
2025-06-01T14:30:34.170,34.170,134,HEAD,Head_main,0x09,2,134,-0.401,+0.902,+0.071,+2.3,+1.4,-0.5,-0.373,+0.897,+0.126,29.56,0.344,0.207,0.209,0.167,0.072
2025-06-01T14:30:34.425,34.425,135,HEAD,Head_main,0x09,2,135,-0.393,+0.884,+0.065,-1.1,+0.6,-1.0,-0.419,+0.862,+0.067,29.37,0.361,0.201,0.201,0.155,0.082
2025-06-01T14:30:34.680,34.680,136,HEAD,Head_main,0x09,2,136,-0.407,+0.893,+0.054,-1.9,-1.4,+0.8,-0.409,+0.872,+0.060,29.44,0.353,0.174,0.231,0.163,0.078
2025-06-01T14:30:34.935,34.935,137,HEAD,Head_main,0x09,2,137,-0.397,+0.908,+0.090,+1.4,-2.6,-1.1,-0.385,+0.925,+0.102,29.49,0.341,0.210,0.224,0.151,0.074
2025-06-01T14:30:35.190,35.190,138,HEAD,Head_main,0x09,2,138,-0.385,+0.902,+0.075,+0.4,-2.0,+0.9,-0.377,+0.898,+0.098,29.49,0.357,0.197,0.226,0.154,0.067
2025-06-01T14:30:35.445,35.445,139,HEAD,Head_main,0x09,2,139,-0.401,+0.891,+0.075,+2.6,-0.2,-2.4,-0.426,+0.907,+0.090,29.51,0.362,0.201,0.211,0.154,0.072
2025-06-01T14:30:35.700,35.700,140,HEAD,Head_main,0x09,2,140,-0.401,+0.892,+0.042,-0.7,+0.6,-1.8,-0.430,+0.896,+0.042,29.51,0.353,0.208,0.199,0.149,0.091
2025-06-01T14:30:35.955,35.955,141,HEAD,Head_main,0x09,2,141,-0.401,+0.899,+0.065,-0.6,-0.4,-0.5,-0.411,+0.919,+0.061,29.49,0.359,0.192,0.212,0.137,0.101
2025-06-01T14:30:36.210,36.210,142,HEAD,Head_main,0x09,2,142,-0.401,+0.905,+0.064,-1.2,+0.7,-1.3,-0.361,+0.911,+0.057,29.56,0.351,0.188,0.216,0.159,0.086
2025-06-01T14:30:36.465,36.465,143,HEAD,Head_main,0x09,2,143,-0.379,+0.898,+0.093,+0.4,+0.5,+1.8,-0.396,+0.843,+0.094,29.39,0.326,0.209,0.217,0.159,0.089
2025-06-01T14:30:36.720,36.720,144,HEAD,Head_main,0x09,2,144,-0.396,+0.899,+0.066,-1.3,-1.4,+1.7,-0.406,+0.927,+0.037,29.50,0.373,0.206,0.202,0.142,0.077
2025-06-01T14:30:36.975,36.975,145,HEAD,Head_main,0x09,2,145,-0.423,+0.917,+0.081,-0.4,+2.5,+3.7,-0.408,+0.893,+0.057,29.46,0.358,0.210,0.222,0.133,0.077
2025-06-01T14:30:37.230,37.230,146,HEAD,Head_main,0x09,2,146,-0.389,+0.876,+0.047,+1.0,-1.8,+0.8,-0.381,+0.907,+0.024,29.51,0.351,0.204,0.209,0.154,0.083
2025-06-01T14:30:37.485,37.485,147,HEAD,Head_main,0x09,2,147,-0.404,+0.904,+0.066,-0.0,-2.5,-0.1,-0.378,+0.908,+0.094,29.51,0.362,0.199,0.218,0.149,0.072
2025-06-01T14:30:37.740,37.740,148,HEAD,Head_main,0x09,2,148,-0.409,+0.910,+0.062,+0.6,+0.8,-0.4,-0.423,+0.896,+0.067,29.45,0.349,0.208,0.237,0.132,0.073
2025-06-01T14:30:37.995,37.995,149,HEAD,Head_main,0x09,2,149,-0.409,+0.901,+0.068,+1.1,-1.4,-2.4,-0.423,+0.892,+0.088,29.47,0.348,0.206,0.213,0.154,0.079
2025-06-01T14:30:38.250,38.250,150,HEAD,Head_main,0x09,2,150,-0.394,+0.902,+0.083,+1.9,-2.8,+0.4,-0.379,+0.887,+0.079,29.54,0.370,0.206,0.201,0.149,0.075
2025-06-01T14:30:38.505,38.505,151,HEAD,Head_main,0x09,2,151,-0.399,+0.900,+0.080,+2.8,-0.4,-0.4,-0.405,+0.909,+0.087,29.52,0.354,0.198,0.236,0.144,0.069
2025-06-01T14:30:38.760,38.760,152,HEAD,Head_main,0x09,2,152,-0.394,+0.907,+0.068,+1.2,+1.9,-1.2,-0.395,+0.918,+0.052,29.47,0.352,0.195,0.205,0.166,0.081
2025-06-01T14:30:39.015,39.015,153,HEAD,Head_main,0x09,2,153,-0.388,+0.892,+0.084,-1.4,-1.4,-2.8,-0.409,+0.867,+0.046,29.60,0.353,0.198,0.221,0.151,0.077
2025-06-01T14:30:39.270,39.270,154,HEAD,Head_main,0x09,2,154,-0.404,+0.899,+0.067,-0.7,-0.5,-1.2,-0.420,+0.864,+0.062,29.62,0.344,0.196,0.224,0.144,0.091
2025-06-01T14:30:39.525,39.525,155,HEAD,Head_main,0x09,2,155,-0.405,+0.900,+0.062,+0.1,-1.7,-2.8,-0.421,+0.927,+0.052,29.43,0.347,0.210,0.223,0.144,0.076
2025-06-01T14:30:39.780,39.780,156,HEAD,Head_main,0x09,2,156,-0.394,+0.891,+0.070,-1.6,-2.4,-2.9,-0.407,+0.900,+0.058,29.52,0.348,0.206,0.222,0.144,0.079
2025-06-01T14:30:40.035,40.035,157,HEAD,Head_main,0x09,2,157,-0.410,+0.911,+0.060,+0.2,-0.8,-0.0,-0.425,+0.887,+0.033,29.63,0.351,0.190,0.232,0.144,0.082
2025-06-01T14:30:40.290,40.290,158,HEAD,Head_main,0x09,2,158,-0.413,+0.909,+0.071,-0.9,+1.0,-3.3,-0.420,+0.930,+0.082,29.54,0.355,0.197,0.214,0.155,0.079
2025-06-01T14:30:40.545,40.545,159,HEAD,Head_main,0x09,2,159,-0.408,+0.902,+0.087,-0.9,+2.5,+2.1,-0.416,+0.927,+0.102,29.51,0.353,0.204,0.228,0.142,0.072
2025-06-01T14:30:40.800,40.800,160,HEAD,Head_main,0x09,2,160,-0.410,+0.904,+0.082,-1.6,+2.0,-3.3,-0.390,+0.915,+0.093,29.49,0.356,0.208,0.214,0.146,0.076
2025-06-01T14:30:41.055,41.055,161,HEAD,Head_main,0x09,2,161,-0.388,+0.910,+0.088,+1.1,+0.3,-3.3,-0.354,+0.922,+0.110,29.47,0.346,0.194,0.212,0.163,0.086
2025-06-01T14:30:41.310,41.310,162,HEAD,Head_main,0x09,2,162,-0.384,+0.905,+0.079,-1.0,-3.4,+0.8,-0.391,+0.896,+0.063,29.49,0.336,0.189,0.234,0.156,0.085
2025-06-01T14:30:41.565,41.565,163,HEAD,Head_main,0x09,2,163,-0.410,+0.899,+0.076,-2.0,+0.5,-1.7,-0.380,+0.842,+0.087,29.47,0.333,0.198,0.221,0.156,0.092
2025-06-01T14:30:41.820,41.820,164,HEAD,Head_main,0x09,2,164,-0.407,+0.907,+0.052,-1.0,-0.5,+1.8,-0.398,+0.922,+0.050,29.54,0.360,0.188,0.227,0.160,0.065
2025-06-01T14:30:42.075,42.075,165,HEAD,Head_main,0x09,2,165,-0.402,+0.906,+0.056,-2.4,-0.4,+2.9,-0.446,+0.891,+0.046,29.48,0.342,0.186,0.242,0.154,0.076
2025-06-01T14:30:42.330,42.330,166,HEAD,Head_main,0x09,2,166,-0.396,+0.895,+0.061,+1.8,+0.8,-3.0,-0.392,+0.935,+0.062,29.48,0.334,0.206,0.222,0.163,0.075
2025-06-01T14:30:42.585,42.585,167,HEAD,Head_main,0x09,2,167,-0.420,+0.918,+0.071,-0.1,+0.4,-0.4,-0.449,+0.911,+0.052,29.44,0.346,0.200,0.217,0.154,0.084
2025-06-01T14:30:42.840,42.840,168,HEAD,Head_main,0x09,2,168,-0.402,+0.898,+0.045,-0.6,-0.8,+1.9,-0.382,+0.911,+0.039,29.50,0.338,0.200,0.223,0.165,0.074
2025-06-01T14:30:43.095,43.095,169,HEAD,Head_main,0x09,2,169,-0.391,+0.895,+0.067,-0.0,+2.8,+1.9,-0.403,+0.881,+0.067,29.46,0.343,0.220,0.215,0.145,0.077
2025-06-01T14:30:43.350,43.350,170,HEAD,Head_main,0x09,2,170,-0.408,+0.913,+0.058,+1.5,+0.0,-2.5,-0.378,+0.886,+0.023,29.49,0.333,0.205,0.229,0.146,0.087
2025-06-01T14:30:43.605,43.605,171,HEAD,Head_main,0x09,2,171,-0.405,+0.897,+0.081,+1.8,-2.7,-1.2,-0.379,+0.888,+0.111,29.55,0.339,0.203,0.236,0.138,0.083
2025-06-01T14:30:43.860,43.860,172,HEAD,Head_main,0x09,2,172,-0.390,+0.904,+0.075,+0.8,+1.0,+2.4,-0.401,+0.947,+0.094,29.52,0.351,0.221,0.214,0.146,0.068
2025-06-01T14:30:44.115,44.115,173,HEAD,Head_main,0x09,2,173,-0.405,+0.877,+0.075,-1.1,-2.6,-0.1,-0.425,+0.879,+0.090,29.53,0.346,0.202,0.209,0.152,0.091
2025-06-01T14:30:44.370,44.370,174,HEAD,Head_main,0x09,2,174,-0.408,+0.898,+0.045,+0.6,-0.2,+0.2,-0.388,+0.861,+0.078,29.52,0.355,0.188,0.213,0.158,0.086
2025-06-01T14:30:44.625,44.625,175,HEAD,Head_main,0x09,2,175,-0.408,+0.891,+0.080,+0.8,-0.5,-2.6,-0.426,+0.913,+0.093,29.50,0.342,0.212,0.225,0.146,0.076
2025-06-01T14:30:44.880,44.880,176,HEAD,Head_main,0x09,2,176,-0.396,+0.894,+0.079,-1.2,+0.1,+0.5,-0.399,+0.919,+0.090,29.49,0.345,0.205,0.211,0.151,0.089
2025-06-01T14:30:45.135,45.135,177,HEAD,Head_main,0x09,2,177,-0.407,+0.904,+0.053,+1.8,-0.8,-1.1,-0.388,+0.889,+0.085,29.48,0.361,0.192,0.227,0.147,0.073
2025-06-01T14:30:45.390,45.390,178,HEAD,Head_main,0x09,2,178,-0.403,+0.895,+0.060,+0.1,-1.1,-0.8,-0.406,+0.899,+0.051,29.54,0.354,0.204,0.203,0.145,0.093
2025-06-01T14:30:45.645,45.645,179,HEAD,Head_main,0x09,2,179,-0.400,+0.897,+0.059,+1.0,+2.7,-1.4,-0.386,+0.898,+0.033,29.45,0.355,0.203,0.221,0.141,0.080
2025-06-01T14:30:45.900,45.900,180,HEAD,Head_main,0x09,2,180,-0.393,+0.892,+0.065,-1.8,-1.0,-1.7,-0.356,+0.878,+0.084,29.57,0.373,0.182,0.219,0.153,0.073
2025-06-01T14:30:46.155,46.155,181,HEAD,Head_main,0x09,2,181,-0.402,+0.896,+0.094,-1.4,+0.7,+1.4,-0.396,+0.898,+0.089,29.50,0.357,0.204,0.224,0.137,0.079
2025-06-01T14:30:46.410,46.410,182,HEAD,Head_main,0x09,2,182,-0.418,+0.882,+0.079,-1.9,-0.6,-5.4,-0.405,+0.852,+0.099,29.46,0.345,0.201,0.227,0.154,0.074
2025-06-01T14:30:46.665,46.665,183,HEAD,Head_main,0x09,2,183,-0.412,+0.897,+0.082,+2.8,-1.0,+2.7,-0.424,+0.905,+0.095,29.48,0.346,0.201,0.214,0.155,0.084
2025-06-01T14:30:46.920,46.920,184,HEAD,Head_main,0x09,2,184,-0.401,+0.897,+0.066,-0.5,-2.3,-0.3,-0.454,+0.918,+0.053,29.47,0.358,0.185,0.229,0.145,0.083
2025-06-01T14:30:47.175,47.175,185,HEAD,Head_main,0x09,2,185,-0.412,+0.903,+0.101,-2.0,+2.3,-2.3,-0.409,+0.887,+0.100,29.51,0.357,0.199,0.221,0.142,0.081
2025-06-01T14:30:47.430,47.430,186,HEAD,Head_main,0x09,2,186,-0.404,+0.909,+0.075,+1.6,+1.9,-0.7,-0.404,+0.924,+0.054,29.46,0.350,0.208,0.222,0.142,0.078
2025-06-01T14:30:47.685,47.685,187,HEAD,Head_main,0x09,2,187,-0.406,+0.905,+0.075,+2.4,-3.2,+1.9,-0.396,+0.922,+0.076,29.56,0.354,0.210,0.215,0.176,0.045
2025-06-01T14:30:47.940,47.940,188,HEAD,Head_main,0x09,2,188,-0.396,+0.896,+0.060,-1.3,-1.2,+3.0,-0.396,+0.909,+0.057,29.46,0.367,0.194,0.215,0.141,0.083
2025-06-01T14:30:48.195,48.195,189,HEAD,Head_main,0x09,2,189,-0.400,+0.897,+0.070,+0.7,+1.0,-0.1,-0.413,+0.926,+0.086,29.39,0.351,0.204,0.221,0.164,0.060
2025-06-01T14:30:48.450,48.450,190,HEAD,Head_main,0x09,2,190,-0.403,+0.892,+0.069,-0.3,-1.0,-0.7,-0.415,+0.893,+0.106,29.46,0.351,0.191,0.215,0.159,0.084
2025-06-01T14:30:48.705,48.705,191,HEAD,Head_main,0x09,2,191,-0.388,+0.907,+0.073,+1.7,+0.1,+2.2,-0.388,+0.893,+0.078,29.40,0.352,0.195,0.218,0.145,0.090
2025-06-01T14:30:48.960,48.960,192,HEAD,Head_main,0x09,2,192,-0.401,+0.914,+0.076,-0.5,-1.8,+0.2,-0.419,+0.930,+0.070,29.50,0.348,0.209,0.226,0.136,0.081
2025-06-01T14:30:49.215,49.215,193,HEAD,Head_main,0x09,2,193,-0.399,+0.889,+0.067,-1.0,+0.3,-2.6,-0.427,+0.900,+0.069,29.55,0.335,0.194,0.232,0.162,0.077
2025-06-01T14:30:49.470,49.470,194,HEAD,Head_main,0x09,2,194,-0.401,+0.918,+0.081,-0.1,+2.2,-0.8,-0.396,+0.876,+0.079,29.53,0.339,0.190,0.230,0.164,0.076
2025-06-01T14:30:49.725,49.725,195,HEAD,Head_main,0x09,2,195,-0.392,+0.902,+0.064,+0.7,+3.4,-1.8,-0.394,+0.905,+0.056,29.43,0.354,0.211,0.217,0.140,0.079
2025-06-01T14:30:49.980,49.980,196,HEAD,Head_main,0x09,2,196,-0.409,+0.916,+0.062,-0.2,-0.7,-1.6,-0.399,+0.902,+0.067,29.46,0.355,0.202,0.215,0.151,0.077
2025-06-01T14:30:50.235,50.235,197,HEAD,Head_main,0x09,2,197,-0.396,+0.890,+0.057,-0.4,+0.7,+2.7,-0.407,+0.883,+0.036,29.59,0.332,0.199,0.232,0.162,0.075
2025-06-01T14:30:50.490,50.490,198,HEAD,Head_main,0x09,2,198,-0.401,+0.909,+0.086,+0.6,+1.2,-0.5,-0.404,+0.911,+0.069,29.52,0.348,0.203,0.224,0.154,0.071
2025-06-01T14:30:50.745,50.745,199,HEAD,Head_main,0x09,2,199,-0.416,+0.907,+0.056,+0.8,-1.3,-2.4,-0.435,+0.938,+0.061,29.50,0.337,0.199,0.218,0.160,0.087
2025-06-01T14:30:51.000,51.000,200,HEAD,Head_main,0x09,2,200,-0.402,+0.887,+0.070,-0.4,-0.4,+2.9,-0.410,+0.896,+0.089,29.55,0.370,0.180,0.223,0.146,0.081
2025-06-01T14:30:51.255,51.255,201,HEAD,Head_main,0x09,2,201,-0.392,+0.897,+0.079,+0.5,-0.6,-2.7,-0.377,+0.884,+0.089,29.62,0.329,0.192,0.233,0.156,0.090
2025-06-01T14:30:51.510,51.510,202,HEAD,Head_main,0x09,2,202,-0.408,+0.919,+0.070,+0.8,+2.4,-1.5,-0.375,+0.908,+0.065,29.56,0.373,0.188,0.226,0.136,0.077
2025-06-01T14:30:51.765,51.765,203,HEAD,Head_main,0x09,2,203,-0.390,+0.875,+0.057,-3.3,-0.1,-0.1,-0.396,+0.879,+0.079,29.51,0.337,0.188,0.226,0.170,0.080
2025-06-01T14:30:52.020,52.020,204,HEAD,Head_main,0x09,2,204,-0.408,+0.893,+0.104,+0.5,+0.7,-1.8,-0.400,+0.902,+0.111,29.52,0.361,0.192,0.226,0.143,0.079
2025-06-01T14:30:52.275,52.275,205,HEAD,Head_main,0x09,2,205,-0.408,+0.901,+0.066,-0.3,-0.5,-3.5,-0.423,+0.956,+0.100,29.53,0.366,0.193,0.226,0.129,0.085
2025-06-01T14:30:52.530,52.530,206,HEAD,Head_main,0x09,2,206,-0.397,+0.902,+0.076,+1.0,+2.6,-0.9,-0.426,+0.884,+0.086,29.47,0.352,0.199,0.217,0.146,0.086
2025-06-01T14:30:52.785,52.785,207,HEAD,Head_main,0x09,2,207,-0.398,+0.913,+0.065,+1.6,-0.8,-1.0,-0.410,+0.902,+0.065,29.45,0.353,0.192,0.223,0.149,0.083
2025-06-01T14:30:53.040,53.040,208,HEAD,Head_main,0x09,2,208,-0.411,+0.898,+0.094,+2.7,+0.1,+0.9,-0.416,+0.918,+0.071,29.50,0.334,0.199,0.227,0.167,0.072
2025-06-01T14:30:53.295,53.295,209,HEAD,Head_main,0x09,2,209,-0.389,+0.889,+0.065,-0.3,-2.8,-1.6,-0.396,+0.883,+0.090,29.45,0.358,0.205,0.216,0.147,0.073
2025-06-01T14:30:53.550,53.550,210,HEAD,Head_main,0x09,2,210,-0.407,+0.896,+0.067,-3.4,+0.6,-1.1,-0.423,+0.901,+0.086,29.50,0.336,0.189,0.233,0.147,0.095
2025-06-01T14:30:53.805,53.805,211,HEAD,Head_main,0x09,2,211,-0.396,+0.905,+0.067,+2.6,-2.6,-0.2,-0.393,+0.874,+0.094,29.50,0.332,0.206,0.224,0.159,0.079
2025-06-01T14:30:54.060,54.060,212,HEAD,Head_main,0x09,2,212,-0.400,+0.913,+0.068,+0.7,+0.2,+3.9,-0.379,+0.882,+0.058,29.62,0.354,0.203,0.215,0.155,0.072
2025-06-01T14:30:54.315,54.315,213,HEAD,Head_main,0x09,2,213,-0.404,+0.890,+0.063,+0.5,+2.0,-4.8,-0.415,+0.905,+0.042,29.46,0.349,0.199,0.214,0.146,0.092
2025-06-01T14:30:54.570,54.570,214,HEAD,Head_main,0x09,2,214,-0.413,+0.913,+0.064,-1.2,-0.8,-1.9,-0.406,+0.894,+0.091,29.49,0.357,0.188,0.211,0.156,0.088
2025-06-01T14:30:54.825,54.825,215,HEAD,Head_main,0x09,2,215,-0.411,+0.900,+0.060,+2.4,-3.8,+0.9,-0.401,+0.916,+0.060,29.49,0.334,0.195,0.235,0.152,0.084
2025-06-01T14:30:55.080,55.080,216,HEAD,Head_main,0x09,2,216,-0.408,+0.916,+0.057,+0.6,+2.3,+1.0,-0.389,+0.907,+0.010,29.52,0.366,0.192,0.218,0.148,0.076
2025-06-01T14:30:55.335,55.335,217,HEAD,Head_main,0x09,2,217,-0.407,+0.897,+0.072,+2.1,+0.1,+1.1,-0.395,+0.904,+0.084,29.55,0.355,0.197,0.201,0.146,0.100
2025-06-01T14:30:55.590,55.590,218,HEAD,Head_main,0x09,2,218,-0.412,+0.900,+0.084,-0.5,-0.8,-0.9,-0.393,+0.924,+0.059,29.48,0.358,0.204,0.208,0.147,0.082
2025-06-01T14:30:55.845,55.845,219,HEAD,Head_main,0x09,2,219,-0.389,+0.904,+0.074,-1.2,-2.7,+2.0,-0.388,+0.889,+0.102,29.46,0.355,0.195,0.220,0.143,0.087
2025-06-01T14:30:56.100,56.100,220,HEAD,Head_main,0x09,2,220,-0.405,+0.908,+0.075,-1.0,-1.7,+1.7,-0.430,+0.893,+0.097,29.42,0.332,0.194,0.237,0.159,0.077
2025-06-01T14:30:56.355,56.355,221,HEAD,Head_main,0x09,2,221,-0.422,+0.876,+0.088,-1.3,+0.2,+2.0,-0.443,+0.900,+0.049,29.45,0.354,0.215,0.226,0.138,0.067
2025-06-01T14:30:56.610,56.610,222,HEAD,Head_main,0x09,2,222,-0.380,+0.889,+0.067,+1.2,-0.1,-1.7,-0.389,+0.890,+0.074,29.53,0.334,0.199,0.234,0.165,0.068
2025-06-01T14:30:56.865,56.865,223,HEAD,Head_main,0x09,2,223,-0.391,+0.882,+0.081,-0.2,-0.1,-1.5,-0.411,+0.880,+0.081,29.50,0.337,0.204,0.212,0.161,0.085
2025-06-01T14:30:57.120,57.120,224,HEAD,Head_main,0x09,2,224,-0.403,+0.910,+0.072,+1.5,+0.7,-0.9,-0.419,+0.928,+0.084,29.45,0.352,0.190,0.224,0.150,0.084
2025-06-01T14:30:57.375,57.375,225,HEAD,Head_main,0x09,2,225,-0.404,+0.900,+0.064,+2.0,-1.9,+3.2,-0.408,+0.881,+0.040,29.48,0.348,0.196,0.232,0.145,0.079
2025-06-01T14:30:57.630,57.630,226,HEAD,Head_main,0x09,2,226,-0.408,+0.890,+0.069,-2.1,+2.3,+3.1,-0.409,+0.890,+0.041,29.50,0.349,0.195,0.239,0.148,0.068
2025-06-01T14:30:57.885,57.885,227,HEAD,Head_main,0x09,2,227,-0.387,+0.917,+0.084,-2.9,+0.9,-1.6,-0.395,+0.892,+0.102,29.53,0.348,0.221,0.212,0.154,0.065
2025-06-01T14:30:58.140,58.140,228,HEAD,Head_main,0x09,2,228,-0.392,+0.896,+0.064,-1.5,+0.7,+2.0,-0.386,+0.871,+0.025,29.47,0.360,0.191,0.220,0.154,0.075
2025-06-01T14:30:58.395,58.395,229,HEAD,Head_main,0x09,2,229,-0.412,+0.903,+0.074,-0.3,-0.4,+2.2,-0.375,+0.917,+0.073,29.49,0.363,0.195,0.223,0.153,0.066
2025-06-01T14:30:58.650,58.650,230,HEAD,Head_main,0x09,2,230,-0.388,+0.906,+0.077,+1.0,-1.0,-0.3,-0.407,+0.931,+0.086,29.41,0.349,0.194,0.209,0.160,0.089
2025-06-01T14:30:58.905,58.905,231,HEAD,Head_main,0x09,2,231,-0.400,+0.890,+0.078,+2.7,+2.9,-0.6,-0.412,+0.894,+0.093,29.44,0.356,0.195,0.216,0.142,0.090
2025-06-01T14:30:59.160,59.160,232,HEAD,Head_main,0x09,2,232,-0.406,+0.891,+0.077,-0.2,+1.6,-2.3,-0.428,+0.863,+0.084,29.58,0.333,0.201,0.212,0.148,0.105
2025-06-01T14:30:59.415,59.415,233,HEAD,Head_main,0x09,2,233,-0.399,+0.893,+0.072,-0.4,-2.9,+1.5,-0.378,+0.891,+0.117,29.39,0.358,0.208,0.203,0.139,0.092
2025-06-01T14:30:59.670,59.670,234,HEAD,Head_main,0x09,2,234,-0.400,+0.901,+0.068,-1.5,-0.1,+1.4,-0.384,+0.908,+0.092,29.48,0.346,0.213,0.218,0.152,0.071
2025-06-01T14:30:59.925,59.925,235,HEAD,Head_main,0x09,2,235,-0.384,+0.901,+0.063,+1.6,-0.4,-0.6,-0.410,+0.901,+0.060,29.51,0.342,0.205,0.228,0.153,0.072
